<?xml version="1.0" encoding="UTF-8" standalone="no"?>
<fe:Invoice xmlns:cac="urn:oasis:names:specification:ubl:schema:xsd:CommonAggregateComponents-2" xmlns:cbc="urn:oasis:names:specification:ubl:schema:xsd:CommonBasicComponents-2" xmlns:clm54217="urn:un:unece:uncefact:codelist:specification:54217:2001" xmlns:clm66411="urn:un:unece:uncefact:codelist:specification:66411:2001" xmlns:clmIANAMIMEMediaType="urn:un:unece:uncefact:codelist:specification:IANAMIMEMediaType:2003" xmlns:ext="urn:oasis:names:specification:ubl:schema:xsd:CommonExtensionComponents-2" xmlns:qdt="urn:oasis:names:specification:ubl:schema:xsd:QualifiedDatatypes-2" xmlns:sts="http://www.dian.gov.co/contratos/facturaelectronica/v1/Structures" xmlns:udt="urn:un:unece:uncefact:data:specification:UnqualifiedDataTypesSchemaModule:2" xmlns:xsi="http://www.w3.org/2001/XMLSchema-instance" xsi:schemaLocation="http://www.dian.gov.co/contratos/facturaelectronica/v1 http://www.dian.gov.co/micrositios/fac_electronica/documentos/XSD/r0/DIAN_UBL.xsd urn:un:unece:uncefact:data:specification:UnqualifiedDataTypesSchemaModule:2 http://www.dian.gov.co/micrositios/fac_electronica/documentos/common/UnqualifiedDataTypeSchemaModule-2.0.xsd urn:oasis:names:specification:ubl:schema:xsd:QualifiedDatatypes-2 http://www.dian.gov.co/micrositios/fac_electronica/documentos/common/UBL-QualifiedDatatypes-2.0.xsd" xmlns:fe="http://www.dian.gov.co/contratos/facturaelectronica/v1">
	<ext:UBLExtensions>
		<ext:UBLExtension>
			<ext:ExtensionContent>
				<sts:DianExtensions>
					<sts:InvoiceControl>
						<sts:InvoiceAuthorization>9000000500017996</sts:InvoiceAuthorization>
						<sts:AuthorizationPeriod>
							<cbc:StartDate>2016-07-12</cbc:StartDate>
							<cbc:EndDate>2026-07-10</cbc:EndDate>
						</sts:AuthorizationPeriod>
						<sts:AuthorizedInvoices>
							<sts:Prefix>PRUE</sts:Prefix>
							<sts:From>980000000</sts:From>
							<sts:To>985000000</sts:To>
						</sts:AuthorizedInvoices>
					</sts:InvoiceControl>
					<sts:InvoiceSource>
						<cbc:IdentificationCode listAgencyID="6" listAgencyName="United Nations Economic Commission for Europe" listSchemeURI="urn:oasis:names:specification:ubl:codelist:gc:CountryIdentificationCode-2.0">CO</cbc:IdentificationCode>
					</sts:InvoiceSource>
					<sts:SoftwareProvider>
						<sts:ProviderID schemeAgencyID="195" schemeAgencyName="CO, DIAN (Direccion de Impuestos y Aduanas Nacionales)">900373117</sts:ProviderID>
						<sts:SoftwareID schemeAgencyID="195" schemeAgencyName="CO, DIAN (Direccion de Impuestos y Aduanas Nacionales)">68a25060-9b36-488c-ac92-c4a873449fbf</sts:SoftwareID>
					</sts:SoftwareProvider>
					<sts:SoftwareSecurityCode schemeAgencyID="195" schemeAgencyName="CO, DIAN (Direccion de Impuestos y Aduanas Nacionales)">33d73a9f92f5afb5017a78973f9d646daf46343010f66f35f21bb9bc77d237e74080e1c2867d4ef2bd77993b62929d5d</sts:SoftwareSecurityCode>
				</sts:DianExtensions>
			</ext:ExtensionContent>
		</ext:UBLExtension>
		<ext:UBLExtension>
			<ext:ExtensionContent>
				<fe:LegalMonetaryTotal>
					<cbc:LineExtensionAmount currencyID="COP" naturaleza="DB" doc-e="invoice">1444608</cbc:LineExtensionAmount>
					<cbc:TaxExclusiveAmount currencyID="COP" naturaleza="DB" doc-e="invoice">243936.48</cbc:TaxExclusiveAmount>
					<cbc:AllowanceTotalAmount currencyID="COP" naturaleza="CR" doc-e="creditNote">115568.64</cbc:AllowanceTotalAmount>
					<cbc:PayableAmount currencyID="COP" naturaleza="DB" doc-e="invoice">1572975.84</cbc:PayableAmount>
				</fe:LegalMonetaryTotal>
			</ext:ExtensionContent>
		</ext:UBLExtension>
		<ext:UBLExtension>
			<ext:ExtensionContent>
				<fe:LegalMonetaryTotal>
					<cbc:LineExtensionAmount currencyID="COP" naturaleza="DB" doc-e="invoice">1444608</cbc:LineExtensionAmount>
					<cbc:TaxExclusiveAmount currencyID="COP" naturaleza="DB" doc-e="invoice">243936.48</cbc:TaxExclusiveAmount>
					<cbc:TaxInclusiveAmount currencyID="COP" naturaleza="DB" doc-e="acumula">1688544.48</cbc:TaxInclusiveAmount>
					<cbc:AllowanceTotalAmount currencyID="COP" naturaleza="CR" doc-e="invoice">0.00</cbc:AllowanceTotalAmount>
					<cbc:ChargeTotalAmount currencyID="COP" naturaleza="DB" doc-e="invoice">0.00</cbc:ChargeTotalAmount>
					<cbc:PrepaidAmount currencyID="COP" naturaleza="CR" doc-e="income">0.00</cbc:PrepaidAmount>
					<cbc:PayableAmount currencyID="COP" naturaleza="DB" doc-e="sumaAlgebraica">1688544.48</cbc:PayableAmount>
				</fe:LegalMonetaryTotal>
			</ext:ExtensionContent>
		</ext:UBLExtension>
	</ext:UBLExtensions>
	<cbc:UBLVersionID>UBL 2.0</cbc:UBLVersionID>
	<cbc:CustomizationID schemeURI="http://www.dian.gov.co/descargas/normatividad/2015/Decretos/Decreto_2242_del_24_de_Noviembre_2015.pdf">Decreto 2242-2015, Resolución 0019-2016</cbc:CustomizationID>
	<cbc:ProfileID>DIAN 1.0</cbc:ProfileID>
	<cbc:ID>PRUE980006759</cbc:ID>
	<cbc:UUID schemeAgencyID="195" schemeAgencyName="CO, DIAN (Direccion de Impuestos y Aduanas Nacionales)">043500ab76b381d6b9c787891159f7940567efff</cbc:UUID>
	<cbc:IssueDate>2016-09-27</cbc:IssueDate>
	<cbc:IssueTime>06:11:31</cbc:IssueTime>
	<cbc:InvoiceTypeCode listAgencyID="195" listAgencyName="CO, DIAN (Direccion de Impuestos y Aduanas Nacionales)" listSchemeURI="http://www.dian.gov.co/contratos/facturaelectronica/v1/InvoiceType">1</cbc:InvoiceTypeCode>
	<cbc:Note>Set de pruebas =  fos0001_900373117_68a25_R9000000500017996-PRUE-A.bat_cufePRUE980006759_4Z_900373117  2016-09-27&#13;
NumFac: PRUE980006759&#13;
FecFac: 20160927061131&#13;
ValFac: 1444608.00&#13;
CodImp1: 01&#13;
ValImp1: 0.00&#13;
CodImp2: 02&#13;
ValImp2: 59806.77&#13;
CodImp3: 03&#13;
ValImp3: 139549.13&#13;
ValImp: 1688544.48&#13;
NitOFE: 900373117&#13;
TipAdq: 31&#13;
NumAdq: 800199436&#13;
String: PRUE980006759201609270611311444608.00010.000259806.7703139549.131688544.4890037311731800199436dd85db55545bd6566f36b0fd3be9fd8555c36e&#13;
</cbc:Note>
	<cbc:Note/>
	<cbc:Note>&#182;Revise el fragmento xPath: /fe:Invoice/cac:PaymentTerms, hay descuento por aplicar mediante Nota Crédito si cumple requisitos de oportunidad.</cbc:Note>
	<cbc:Note>&#182;</cbc:Note>
	<cbc:Note>&#8212;</cbc:Note>
	<cbc:Note>&#182;El uso de codificaciones propias deben describirse como se ha hecho en el elemento del xPath: /fe:Invoice/cac:PaymentTerms/cbc:ReferenceEventCode/@listName, ../@listURI, ../@listVersionID, ../@name, y los demás atributos que ilustren la aplicación de directrices y políticas e incluso los compromisos mercantiles del facturador electrónico</cbc:Note>
	<cbc:Note>&#9674;</cbc:Note>
	<cbc:Note>&#182;La naturaleza de la cuenta de Cargos y Descuentos se indica en ../cac:AllowanceCharge/cbc:ChargeIndicator:= Indicates whether the Allowance Charge is a charge (true) or a discount (false). 	Indica si se trata de una imposición (valor igual a verdadero) o de una deducción (valor a falso)</cbc:Note>
	<cbc:Note>&#8212;&#8230;/&#961;:AllowanceCharge[&#946;]/&#961;:ChargeIndicator = &quot;true&quot; := cargo a facturar por valor de &#8230;/&#961;:AllowanceCharge[&#946;]/&#961;:Amount de naturaleza &apos;DB&apos;, acumulable en &#8230;/fe:LegalMonetaryTotal/cbc:ChargeTotalAmount</cbc:Note>
	<cbc:Note>&#8212;&#8230;/&#961;:AllowanceCharge[&#952;]/&#961;:ChargeIndicator = &quot;false&quot; := descuento a facturar por valor de &#8230;/&#961;:AllowanceCharge[&#952;]/&#961;:Amount de naturaleza &apos;CR&apos;, acumulable en &#8230;/fe:LegalMonetaryTotal/cbc:AllowanceTotalAmount</cbc:Note>
	<cbc:Note>&#9674;</cbc:Note>
	<cbc:Note>&#182;Sobre los impuestos que se registran en la factura electrónica:</cbc:Note>
	<cbc:Note>&#8212;&#8212;Indicador de si los totales de este fragmento pueden adoptar valor probatorio para efectos legales: &#8230;/&#961;:AllowanceCharge[&#946;]/cac:TaxTotal/cbc:TaxEvidenceIndicator = &quot;true&quot; := impuesto incluido en &#8230;/fe:LegalMonetaryTotal/cbc:TaxExclusiveAmount; </cbc:Note>
	<cbc:Note>&#8212;&#8212;&#8230;/&#961;:AllowanceCharge[&#946;]/cac:TaxTotal/cbc:TaxEvidenceIndicator = &quot;false&quot; := impuesto no acumulado en &#8230;/fe:LegalMonetaryTotal/cbc:TaxExclusiveAmount; </cbc:Note>
	<cbc:DocumentCurrencyCode>COP</cbc:DocumentCurrencyCode>
	<fe:AccountingSupplierParty>
		<cbc:AdditionalAccountID>1</cbc:AdditionalAccountID>
		<fe:Party>
			<cac:PartyIdentification>
				<cbc:ID schemeAgencyID="195" schemeAgencyName="CO, DIAN (Direccion de Impuestos y Aduanas Nacionales)" schemeID="31">900373117</cbc:ID>
			</cac:PartyIdentification>
			<cac:PartyName>
				<cbc:Name>PJ - 900373117 - Adquiriente FE</cbc:Name>
			</cac:PartyName>
			<fe:PhysicalLocation>
				<fe:Address>
					<cbc:Department>Bolivar</cbc:Department>
					<cbc:CitySubdivisionName>Centro</cbc:CitySubdivisionName>
					<cbc:CityName>Pasa Caballos</cbc:CityName>
					<cac:AddressLine>
						<cbc:Line>	carrera 8 Nº 6C - 95</cbc:Line>
					</cac:AddressLine>
					<cac:Country>
						<cbc:IdentificationCode>CO</cbc:IdentificationCode>
					</cac:Country>
				</fe:Address>
			</fe:PhysicalLocation>
			<fe:PartyTaxScheme>
				<cbc:TaxLevelCode>0</cbc:TaxLevelCode>
				<cac:TaxScheme/>
			</fe:PartyTaxScheme>
			<fe:PartyLegalEntity>
				<cbc:RegistrationName>PJ - 900373117</cbc:RegistrationName>
			</fe:PartyLegalEntity>
		</fe:Party>
	</fe:AccountingSupplierParty>
	<fe:AccountingCustomerParty>
		<cbc:AdditionalAccountID>1</cbc:AdditionalAccountID>
		<fe:Party>
			<cac:PartyIdentification>
				<cbc:ID schemeAgencyID="195" schemeAgencyName="CO, DIAN (Direccion de Impuestos y Aduanas Nacionales)" schemeID="31">800199436</cbc:ID>
			</cac:PartyIdentification>
			<cac:PartyName>
				<cbc:Name>PJ - 800199436 - Adquiriente FE</cbc:Name>
			</cac:PartyName>
			<fe:PhysicalLocation>
				<fe:Address>
					<cbc:Department>Huila</cbc:Department>
					<cbc:CitySubdivisionName>Centro</cbc:CitySubdivisionName>
					<cbc:CityName>Aipe</cbc:CityName>
					<cac:AddressLine>
						<cbc:Line>	carrera 8 Nº 6C - 101</cbc:Line>
					</cac:AddressLine>
					<cac:Country>
						<cbc:IdentificationCode>CO</cbc:IdentificationCode>
					</cac:Country>
				</fe:Address>
			</fe:PhysicalLocation>
			<fe:PartyTaxScheme>
				<cbc:TaxLevelCode>0</cbc:TaxLevelCode>
				<cac:TaxScheme/>
			</fe:PartyTaxScheme>
			<fe:PartyLegalEntity>
				<cbc:RegistrationName>PJ - 800199436</cbc:RegistrationName>
			</fe:PartyLegalEntity>
		</fe:Party>
	</fe:AccountingCustomerParty>
	<fe:DeliveryTerms>
		<cbc:SpecialTerms>Servicio de descargue del medio de transporte en el sitio de entrega a cargo del comprador de los bienes; el servicio será prestado por el vendedor.</cbc:SpecialTerms>
		<cac:DeliveryLocation>
			<cbc:ID/>
			<cbc:Conditions>Lugar de descargue a 3.5km de la carretera principal, en la planta "La Armería", area de ensamblaje de equipos livianos.</cbc:Conditions>
			<cbc:CountrySubentity>Departamento del Cesar</cbc:CountrySubentity>
			<cac:ValidityPeriod/>
			<cac:Address>
				<cbc:CityName>Codazzi</cbc:CityName>
				<cbc:CountrySubentity>Departamento del Cesar</cbc:CountrySubentity>
				<cac:AddressLine>
					<cbc:Line>Kilometro 103 + 150m vía central de Bucaramanga a Santa Marta; referencia: hotel "El conductor" tipo camionero en el punto de desvío</cbc:Line>
				</cac:AddressLine>
				<cac:Country>
					<cbc:Name>Colombia</cbc:Name>
				</cac:Country>
			</cac:Address>
		</cac:DeliveryLocation>
		<cac:AllowanceCharge>
			<cbc:ChargeIndicator>true</cbc:ChargeIndicator>
			<cbc:AllowanceChargeReason>Descargue en planta "La Armería"</cbc:AllowanceChargeReason>
			<cbc:SequenceNumeric>1</cbc:SequenceNumeric>
			<cbc:Amount currencyID="COP">295000.00</cbc:Amount>
			<cac:TaxTotal>
				<cbc:TaxAmount currencyID="COP">47200.00</cbc:TaxAmount>
				<cbc:TaxEvidenceIndicator>true</cbc:TaxEvidenceIndicator>
				<cac:TaxSubtotal>
					<cbc:TaxableAmount currencyID="COP">295000.00</cbc:TaxableAmount>
					<cbc:TaxAmount currencyID="COP">47200.00</cbc:TaxAmount>
					<cbc:Percent>16.00</cbc:Percent>
					<cac:TaxCategory>
						<cac:TaxScheme>
							<cbc:ID>01</cbc:ID>
							<cbc:Name>IVA servicios</cbc:Name>
						</cac:TaxScheme>
					</cac:TaxCategory>
				</cac:TaxSubtotal>
			</cac:TaxTotal>
		</cac:AllowanceCharge>
	</fe:DeliveryTerms>
	<cac:PaymentTerms>
		<cbc:Note>Pago a 90 días</cbc:Note>
		<cbc:Amount currencyID="COP">2099532.48</cbc:Amount>
		<cac:SettlementPeriod>
			<cbc:StartDate>2016-09-27</cbc:StartDate>
			<cbc:EndDate>2016-12-27</cbc:EndDate>
		</cac:SettlementPeriod>
	</cac:PaymentTerms>
	<fe:AllowanceCharge>
		<cbc:ChargeIndicator>true</cbc:ChargeIndicator>
		<cbc:AllowanceChargeReason>Shiping &amp; Handling</cbc:AllowanceChargeReason>
		<cbc:MultiplierFactorNumeric>1</cbc:MultiplierFactorNumeric>
		<cbc:Amount currencyID="COP">59300.00</cbc:Amount>
		<cac:TaxTotal>
			<cbc:TaxAmount currencyID="COP">9488.00</cbc:TaxAmount>
			<cbc:TaxEvidenceIndicator>true</cbc:TaxEvidenceIndicator>
			<cac:TaxSubtotal>
				<cbc:TaxableAmount currencyID="COP">59300.00</cbc:TaxableAmount>
				<cbc:TaxAmount currencyID="COP">9488.00</cbc:TaxAmount>
				<cbc:Percent>16.00</cbc:Percent>
				<cac:TaxCategory>
					<cac:TaxScheme>
						<cbc:ID>01</cbc:ID>
						<cbc:Name>IVA servicios</cbc:Name>
					</cac:TaxScheme>
				</cac:TaxCategory>
			</cac:TaxSubtotal>
		</cac:TaxTotal>
	</fe:AllowanceCharge>
	<fe:TaxTotal>
		<cbc:TaxAmount currencyID="COP">139549.13</cbc:TaxAmount>
		<cbc:TaxEvidenceIndicator>true</cbc:TaxEvidenceIndicator>
		<fe:TaxSubtotal>
			<cbc:TaxableAmount currencyID="COP">1444608</cbc:TaxableAmount>
			<cbc:TaxAmount currencyID="COP">139549.13</cbc:TaxAmount>
			<cbc:Percent>9.66</cbc:Percent>
			<cac:TaxCategory>
				<cac:TaxScheme>
					<cbc:ID>03</cbc:ID>
				</cac:TaxScheme>
			</cac:TaxCategory>
		</fe:TaxSubtotal>
	</fe:TaxTotal>
	<fe:TaxTotal>
		<cbc:TaxAmount currencyID="COP">28.89</cbc:TaxAmount>
		<cbc:TaxEvidenceIndicator>true</cbc:TaxEvidenceIndicator>
		<fe:TaxSubtotal>
			<cbc:TaxableAmount currencyID="COP">1444608</cbc:TaxableAmount>
			<cbc:TaxAmount currencyID="COP">28.89</cbc:TaxAmount>
			<cbc:Percent>0.0020</cbc:Percent>
			<cac:TaxCategory>
				<cac:TaxScheme>
					<cbc:ID>08</cbc:ID>
				</cac:TaxScheme>
			</cac:TaxCategory>
		</fe:TaxSubtotal>
	</fe:TaxTotal>
	<fe:TaxTotal>
		<cbc:TaxAmount currencyID="COP">57.78</cbc:TaxAmount>
		<cbc:TaxEvidenceIndicator>true</cbc:TaxEvidenceIndicator>
		<fe:TaxSubtotal>
			<cbc:TaxableAmount currencyID="COP">1444608</cbc:TaxableAmount>
			<cbc:TaxAmount currencyID="COP">57.78</cbc:TaxAmount>
			<cbc:Percent>0.0040</cbc:Percent>
			<cac:TaxCategory>
				<cac:TaxScheme>
					<cbc:ID>07</cbc:ID>
				</cac:TaxScheme>
			</cac:TaxCategory>
		</fe:TaxSubtotal>
	</fe:TaxTotal>
	<fe:TaxTotal>
		<cbc:TaxAmount currencyID="COP">13723.77</cbc:TaxAmount>
		<cbc:TaxEvidenceIndicator>true</cbc:TaxEvidenceIndicator>
		<fe:TaxSubtotal>
			<cbc:TaxableAmount currencyID="COP">1444608</cbc:TaxableAmount>
			<cbc:TaxAmount currencyID="COP">13723.77</cbc:TaxAmount>
			<cbc:Percent>0.95</cbc:Percent>
			<cac:TaxCategory>
				<cac:TaxScheme>
					<cbc:ID>05</cbc:ID>
				</cac:TaxScheme>
			</cac:TaxCategory>
		</fe:TaxSubtotal>
	</fe:TaxTotal>
	<fe:TaxTotal>
		<cbc:TaxAmount currencyID="COP">433.38</cbc:TaxAmount>
		<cbc:TaxEvidenceIndicator>true</cbc:TaxEvidenceIndicator>
		<fe:TaxSubtotal>
			<cbc:TaxableAmount currencyID="COP">1444608</cbc:TaxableAmount>
			<cbc:TaxAmount currencyID="COP">433.38</cbc:TaxAmount>
			<cbc:Percent>0.03</cbc:Percent>
			<cac:TaxCategory>
				<cac:TaxScheme>
					<cbc:ID>06</cbc:ID>
				</cac:TaxScheme>
			</cac:TaxCategory>
		</fe:TaxSubtotal>
	</fe:TaxTotal>
	<fe:TaxTotal>
		<cbc:TaxAmount currencyID="COP">30336.76</cbc:TaxAmount>
		<cbc:TaxEvidenceIndicator>true</cbc:TaxEvidenceIndicator>
		<fe:TaxSubtotal>
			<cbc:TaxableAmount currencyID="COP">1444608</cbc:TaxableAmount>
			<cbc:TaxAmount currencyID="COP">30336.76</cbc:TaxAmount>
			<cbc:Percent>2.1</cbc:Percent>
			<cac:TaxCategory>
				<cac:TaxScheme>
					<cbc:ID>04</cbc:ID>
				</cac:TaxScheme>
			</cac:TaxCategory>
		</fe:TaxSubtotal>
	</fe:TaxTotal>
	<fe:TaxTotal>
		<cbc:TaxAmount currencyID="COP">59806.77</cbc:TaxAmount>
		<cbc:TaxEvidenceIndicator>true</cbc:TaxEvidenceIndicator>
		<fe:TaxSubtotal>
			<cbc:TaxableAmount currencyID="COP">1444608</cbc:TaxableAmount>
			<cbc:TaxAmount currencyID="COP">59806.77</cbc:TaxAmount>
			<cbc:Percent>4.14</cbc:Percent>
			<cac:TaxCategory>
				<cac:TaxScheme>
					<cbc:ID>02</cbc:ID>
				</cac:TaxScheme>
			</cac:TaxCategory>
		</fe:TaxSubtotal>
	</fe:TaxTotal>
	<fe:LegalMonetaryTotal>
		<cbc:LineExtensionAmount currencyID="COP">1444608.00</cbc:LineExtensionAmount>
		<cbc:TaxExclusiveAmount currencyID="COP">300624.48</cbc:TaxExclusiveAmount>
		<!--291136,48-->
		<cbc:TaxInclusiveAmount currencyID="COP">1745232.48</cbc:TaxInclusiveAmount>
		<cbc:AllowanceTotalAmount currencyID="COP">0.00</cbc:AllowanceTotalAmount>
		<cbc:ChargeTotalAmount currencyID="COP">354300.00</cbc:ChargeTotalAmount>
		<cbc:PrepaidAmount currencyID="COP">0.00</cbc:PrepaidAmount>
		<cbc:PayableAmount currencyID="COP">2099532.48</cbc:PayableAmount>
	</fe:LegalMonetaryTotal>
	<fe:InvoiceLine>
		<cbc:ID>1</cbc:ID>
		<cbc:InvoicedQuantity>418</cbc:InvoicedQuantity>
		<cbc:LineExtensionAmount currencyID="COP">1444608</cbc:LineExtensionAmount>
		<cac:AllowanceCharge>
			<cbc:ChargeIndicator>true</cbc:ChargeIndicator>
			<cbc:Amount currencyID="COP">0.00</cbc:Amount>
		</cac:AllowanceCharge>
		<fe:Item>
			<cbc:Description>Línea-1 PRUE980006759 fos0001_900373117_68a25_R9000000500017996-PRUE-A.bat_cufe</cbc:Description>
		</fe:Item>
		<fe:Price>
			<cbc:PriceAmount currencyID="COP">3456</cbc:PriceAmount>
		</fe:Price>
	</fe:InvoiceLine>
</fe:Invoice>
