<?xml version="1.0" encoding="UTF-8" standalone="no"?>
<fe:Invoice xmlns:cac="urn:oasis:names:specification:ubl:schema:xsd:CommonAggregateComponents-2" xmlns:cbc="urn:oasis:names:specification:ubl:schema:xsd:CommonBasicComponents-2" xmlns:clm54217="urn:un:unece:uncefact:codelist:specification:54217:2001" xmlns:clm66411="urn:un:unece:uncefact:codelist:specification:66411:2001" xmlns:clmIANAMIMEMediaType="urn:un:unece:uncefact:codelist:specification:IANAMIMEMediaType:2003" xmlns:ext="urn:oasis:names:specification:ubl:schema:xsd:CommonExtensionComponents-2" xmlns:qdt="urn:oasis:names:specification:ubl:schema:xsd:QualifiedDatatypes-2" xmlns:sts="http://www.dian.gov.co/contratos/facturaelectronica/v1/Structures" xmlns:udt="urn:un:unece:uncefact:data:specification:UnqualifiedDataTypesSchemaModule:2" xmlns:xsi="http://www.w3.org/2001/XMLSchema-instance" xsi:schemaLocation="http://www.dian.gov.co/contratos/facturaelectronica/v1 http://www.dian.gov.co/micrositios/fac_electronica/documentos/XSD/r0/DIAN_UBL.xsd urn:un:unece:uncefact:data:specification:UnqualifiedDataTypesSchemaModule:2 http://www.dian.gov.co/micrositios/fac_electronica/documentos/common/UnqualifiedDataTypeSchemaModule-2.0.xsd urn:oasis:names:specification:ubl:schema:xsd:QualifiedDatatypes-2 http://www.dian.gov.co/micrositios/fac_electronica/documentos/common/UBL-QualifiedDatatypes-2.0.xsd" xmlns:fe="http://www.dian.gov.co/contratos/facturaelectronica/v1">
	<ext:UBLExtensions>
		<ext:UBLExtension>
			<ext:ExtensionContent/>
		</ext:UBLExtension>
	</ext:UBLExtensions>
	<cbc:UBLVersionID/>
	<cbc:ProfileID/>
	<cbc:ID/>
	<cbc:UUID/>
	<cbc:IssueDate>1957-08-13</cbc:IssueDate>
	<cbc:IssueTime>06:11:31</cbc:IssueTime>
	<cbc:InvoiceTypeCode/>
	<cbc:Note>Set de pruebas = </cbc:Note>
	<cbc:Note>2016-12-12: Observación: ejemplificación de uso de conceptos comerciales y fiscales: </cbc:Note>
	<cbc:Note>item con detalle de vigencia de la factura: xPath: /fe:Invoice/cac:InvoicePeriod</cbc:Note>
	<cbc:Note>item con detalle de términos y condiciones de pago /fe:Invoice/cac:PaymentTerms[1]</cbc:Note>
	<cbc:Note>Se describe un modelo de negociación en el cual se acuerda que la factura será pagada a los 90 días, y adicionalmente se anuncia una fecha límite para otorgar un descuento del 8% por pago anticipado; de la misma manera se estipula un porcentaje que será aplicado en ocasión de que se genere una situación de morosidad</cbc:Note>
	<cbc:Note/>
	<cbc:DocumentCurrencyCode/>
	<cac:InvoicePeriod>
		<cbc:DurationMeasure unitCode="DAY">90</cbc:DurationMeasure>
		<cbc:Description languageID="es-CO">El elemento /fe:Invoice/cac:InvoicePeriod/cbc:DurationMeasure contiene el lapso para el pago de la factura electrónica emitida</cbc:Description>
		<cbc:Description languageID="es-CO">utilice @unitCode desde URL https://docs.oasis-open.org/ubl/cs-UBL-2.0/xsd/common/CodeList_UnitCode_UNECE_7_04.xsd; </cbc:Description>
		<cbc:Description languageID="es-CO">Medición de la vigencia desde elemento /fe:Invoice/cbc:IssueDate; </cbc:Description>
		<cbc:Description languageID="es-CO">la oportunidad de la entrega a la autoridad tributaria se mide desde el momento registrado en el elemento /fe:Invoice/ext:UBLExtensions/ext:UBLExtension[X]/ext:ExtensionContent/ds:Signature/ds:Object/xades:QualifyingProperties/xades:SignedProperties/xades:SignedSignatureProperties/xades:SigningTime; </cbc:Description>
		<cbc:Description languageID="es-CO" />
	</cac:InvoicePeriod>
	<fe:AccountingSupplierParty>
		<cbc:AdditionalAccountID/>
		<fe:Party>
			<cac:PartyIdentification>
				<cbc:ID schemeAgencyID="195" schemeAgencyName="CO, DIAN (Direccion de Impuestos y Aduanas Nacionales)" schemeID="31"/>
			</cac:PartyIdentification>
			<fe:PhysicalLocation/>
			<fe:PartyTaxScheme>
				<cbc:TaxLevelCode/>
				<cac:TaxScheme/>
			</fe:PartyTaxScheme>
		</fe:Party>
	</fe:AccountingSupplierParty>
	<fe:AccountingCustomerParty>
		<cbc:AdditionalAccountID/>
		<fe:Party>
			<cac:PartyIdentification>
				<cbc:ID schemeAgencyID="195" schemeAgencyName="CO, DIAN (Direccion de Impuestos y Aduanas Nacionales)" schemeID="31"/>
			</cac:PartyIdentification>
			<fe:PhysicalLocation/>
			<fe:PartyTaxScheme>
				<cbc:TaxLevelCode/>
				<cac:TaxScheme/>
			</fe:PartyTaxScheme>
		</fe:Party>
	</fe:AccountingCustomerParty>
	<cac:PaymentTerms>
		<cbc:ID schemeName="numero factura" schemeURI="http://www.900373117.com/apliqueDescuentos?nit=800199436&amp;invoic=PRUE980006759">PRUE980006759</cbc:ID>
		<cbc:Note>Si realiza el pago antes de la fecha señalada, i.e. xPath /fe:Invoice/cac:PaymentTerms[1]/cac:SettlementPeriod/cbc:EndDate-- descuente directamente el valor que aparece en esta sección.</cbc:Note>
		<cbc:Note>Si el sistema de pagos detecta que se realizó el pago oportuno de esta factura, utilizará el código ABC8 para la generación automática de la Nota Crédito, por un valor de $8.00.</cbc:Note>
		<cbc:Note>Después del 2016-10-15 no se generará la Nota Crédito anotada y deberá pagar el 100% </cbc:Note>
		<cbc:ReferenceEventCode listName="lista de descuentos" listURI="http://www.900373117.com/descuentosLst2016" listVersionID="2016" name="pagoOportuno8">ABC8</cbc:ReferenceEventCode>
		<cbc:SettlementDiscountPercent>8.00</cbc:SettlementDiscountPercent>
		<cbc:Amount currencyID="COP">92.00</cbc:Amount>
		<cac:SettlementPeriod>
			<cbc:EndDate>2016-10-15</cbc:EndDate>
			<cbc:Description>Descuento por pago según oferta: porcentaje, valor y fecha de vencimiento</cbc:Description>
		</cac:SettlementPeriod>
	</cac:PaymentTerms>
	<cac:PaymentTerms>
		<cbc:ID/>
		<cbc:Note>Pago a 90 días contados desde /fe:Invoice/cbc:IssueDate </cbc:Note>
		<cbc:PenaltySurchargePercent>2.5</cbc:PenaltySurchargePercent>
		<cbc:Amount currencyID="COP">100.00</cbc:Amount>
		<cac:PenaltyPeriod>
			<cbc:StartDate>1957-08-13</cbc:StartDate>
		</cac:PenaltyPeriod>
	</cac:PaymentTerms>
	<fe:TaxTotal>
		<cbc:TaxAmount currencyID="COP">13.79</cbc:TaxAmount>
		<cbc:TaxEvidenceIndicator>true</cbc:TaxEvidenceIndicator>
		<fe:TaxSubtotal>
			<cbc:TaxableAmount currencyID="COP">86.21</cbc:TaxableAmount>
			<cbc:TaxAmount currencyID="COP">13.79</cbc:TaxAmount>
			<cbc:Percent>16.00</cbc:Percent>
			<cac:TaxCategory>
				<cac:TaxScheme>
					<cbc:ID>01</cbc:ID>
				</cac:TaxScheme>
			</cac:TaxCategory>
		</fe:TaxSubtotal>
	</fe:TaxTotal>
	<fe:LegalMonetaryTotal>
		<cbc:LineExtensionAmount currencyID="COP">86.21</cbc:LineExtensionAmount>
		<cbc:TaxExclusiveAmount currencyID="COP">13.79</cbc:TaxExclusiveAmount>
		<cbc:PayableAmount currencyID="COP">100.00</cbc:PayableAmount>
	</fe:LegalMonetaryTotal>
	<fe:InvoiceLine>
		<cbc:ID>1</cbc:ID>
		<cbc:InvoicedQuantity>1</cbc:InvoicedQuantity>
		<cbc:LineExtensionAmount currencyID="COP">86.21</cbc:LineExtensionAmount>
		<fe:Item />
		<fe:Price>
			<cbc:PriceAmount currencyID="COP">86.21</cbc:PriceAmount>
		</fe:Price>
	</fe:InvoiceLine>
</fe:Invoice>
