<?xml version="1.0" encoding="UTF-8" standalone="no"?>
<fe:Invoice xmlns:cac="urn:oasis:names:specification:ubl:schema:xsd:CommonAggregateComponents-2" xmlns:cbc="urn:oasis:names:specification:ubl:schema:xsd:CommonBasicComponents-2" xmlns:clm54217="urn:un:unece:uncefact:codelist:specification:54217:2001" xmlns:clm66411="urn:un:unece:uncefact:codelist:specification:66411:2001" xmlns:clmIANAMIMEMediaType="urn:un:unece:uncefact:codelist:specification:IANAMIMEMediaType:2003" xmlns:ext="urn:oasis:names:specification:ubl:schema:xsd:CommonExtensionComponents-2" xmlns:qdt="urn:oasis:names:specification:ubl:schema:xsd:QualifiedDatatypes-2" xmlns:sts="http://www.dian.gov.co/contratos/facturaelectronica/v1/Structures" xmlns:udt="urn:un:unece:uncefact:data:specification:UnqualifiedDataTypesSchemaModule:2" xmlns:xsi="http://www.w3.org/2001/XMLSchema-instance" xsi:schemaLocation="http://www.dian.gov.co/contratos/facturaelectronica/v1 http://www.dian.gov.co/micrositios/fac_electronica/documentos/XSD/r0/DIAN_UBL.xsd urn:un:unece:uncefact:data:specification:UnqualifiedDataTypesSchemaModule:2 http://www.dian.gov.co/micrositios/fac_electronica/documentos/common/UnqualifiedDataTypeSchemaModule-2.0.xsd urn:oasis:names:specification:ubl:schema:xsd:QualifiedDatatypes-2 http://www.dian.gov.co/micrositios/fac_electronica/documentos/common/UBL-QualifiedDatatypes-2.0.xsd" xmlns:fe="http://www.dian.gov.co/contratos/facturaelectronica/v1">
	<ext:UBLExtensions>
		<ext:UBLExtension>
			<ext:ExtensionContent>
				<sts:DianExtensions id="InvoiceControl">
					<sts:InvoiceControl>
					</sts:InvoiceControl>
					<sts:InvoiceSource>
					</sts:InvoiceSource>
					<sts:SoftwareProvider>
					</sts:SoftwareProvider>
					<sts:SoftwareSecurityCode schemeAgencyID="195" schemeAgencyName="CO, DIAN (Direccion de Impuestos y Aduanas Nacionales)"/>
				</sts:DianExtensions>
			</ext:ExtensionContent>
		</ext:UBLExtension>
		<ext:UBLExtension>
			<ext:ExtensionContent>
				<sts:DianExtensions id="sellerSupplierCommitmentControl">
					<sts:DianExtension id="/fe:Invoice/ext:UBLExtensions/ext:UBLExtension[2]/ext:ExtensionContent/sts:DianExtensions/sts:DianExtension[1]" name="contrato de mandato || sellerSupplierCommitment, sellerSupplierParty; ">
						<sellerSupplierCommitment id="/fe:Invoice/ext:UBLExtensions/ext:UBLExtension[2]/ext:ExtensionContent/sts:DianExtensions/sts:DianExtension[1]/sellerSupplierCommitment">
							<Contract xsi:type="ContractType" id="/fe:Invoice/ext:UBLExtensions/ext:UBLExtension[2]/ext:ExtensionContent/sts:DianExtensions/sts:DianExtension[1]/sellerSupplierCommitment/Contract">
								<ID schemeName="identificador asignado por el mandatario" schemeURI="http://www.mandatario.com/listaDeMandatos.html">identificador del contrato; SellerSupplierCommitmen-1</ID>
								<IssueDate/>
								<ContractType schemeName="Tipo de contrato" schemeDataURI="http://www.dian.gov.co/descargas/normatividad/2015/Decretos/Decreto_2242_del_24_de_Noviembre_2015.pdf" schemeVersionID="Artículo 11"/>
								<fragmentDescription name="/fe:Invoice/ext:UBLExtensions/ext:UBLExtension[2]/ext:ExtensionContent/sts:DianExtensions/sts:DianExtension[1]/sellerSupplierCommitment/Contract">
									<XPath element="ID">/fe:Invoice/ext:UBLExtensions/ext:UBLExtension[1+X]/ext:ExtensionContent/sts:DianExtensions/sts:DianExtension[1]/sellerSupplierCommitment/Contract/ID</XPath>
									<Description element="ID">Identificador del contrato de mandato o su equivalente firmado por el vendedor</Description>
									<XPath element="IssueDate">/fe:Invoice/ext:UBLExtensions/ext:UBLExtension[1+X]/ext:ExtensionContent/sts:DianExtensions/sts:DianExtension[1]/sellerSupplierCommitment/Contract/IssueDate</XPath>
									<Description element="IssueDate">Fecha de suscripción del contrato</Description>
									<XPath element="ContractType">/fe:Invoice/ext:UBLExtensions/ext:UBLExtension[2]/ext:ExtensionContent/sts:DianExtensions/sts:DianExtension[1]/sellerSupplierCommitment/Contract/ContractType</XPath>
									<Description element="ContractType">Contenido: Tipo o clase el Contrato: de Mandato. </Description>
									<Description element="ContractType">En Colombia el Contrato de Consorcio es equivalente al de Unión Temporal y otros similares</Description>
									<XPath element="ContractType/@schemeName">/fe:Invoice/ext:UBLExtensions/ext:UBLExtension[2]/ext:ExtensionContent/sts:DianExtensions/sts:DianExtension[1]/sellerSupplierCommitment/Contract/ContractType/@schemeName</XPath>
									<Description element="ContractType/@schemeName">Constante; valor = Tipo de contrato</Description>
									<XPath element="ContractType/@schemeDataURI">/fe:Invoice/ext:UBLExtensions/ext:UBLExtension[2]/ext:ExtensionContent/sts:DianExtensions/sts:DianExtension[1]/sellerSupplierCommitment/Contract/ContractType/@schemeDataURI</XPath>
									<Description element="ContractType/@schemeDataURI">Dirección de la norma que se está cumpliendo</Description>
									<XPath element="ContractType/@schemeVersionID">/fe:Invoice/ext:UBLExtensions/ext:UBLExtension[2]/ext:ExtensionContent/sts:DianExtensions/sts:DianExtension[1]/sellerSupplierCommitment/Contract/ContractType/@schemeVersionID</XPath>
									<Description element="ContractType/@schemeVersionID">Referencia específica de la norma que se está cumpliendo</Description>
								</fragmentDescription>
							</Contract>
							<SellerSupplierParties id="/fe:Invoice/ext:UBLExtensions/ext:UBLExtension[2]/ext:ExtensionContent/sts:DianExtensions/sts:DianExtension[1]/sellerSupplierCommitment/SellerSupplierParties">
								<SellerSupplierParty id="/fe:Invoice/ext:UBLExtensions/ext:UBLExtension[2]/ext:ExtensionContent/sts:DianExtensions/sts:DianExtension[1]/sellerSupplierCommitment/SellerSupplierParties/SellerSupplierParty[1]/Party/PartyIdentification/ID">
									<AdditionalAccountID/>
									<Party>
										<WebsiteURI/>
										<PartyIdentification>
											<ID schemeAgencyID="195" schemeAgencyName="CO, DIAN (Direccion de Impuestos y Aduanas Nacionales)" schemeID="31" schemeName="identificación sin DV de quien suministra (por mandato o en consorcio o por unión temporal) el b/s que se factura" schemeDataURI="http://www.dian.gov.co/micrositios/fac_electronica/documentos/Anexo_Tecnico_001_Formatos_de_los_Documentos_XML_de_Facturacion_Electron.pdf" schemeURI="http://www.dian.gov.co" schemeVersionID="Tipos de documentos de identidad:2016">900373125</ID>
										</PartyIdentification>
										<PartyName>
											<Name>Software Colombia S.A.S</Name>
										</PartyName>
										<PhysicalLocation>
											<Address>
												<CityName>Bogotá DC</CityName>
												<CountrySubentity>Bogotá DC</CountrySubentity>
												<AddressLine>
													<Line>Av Carrera 10 No. 28- 49 Oficina 2004 Edificio Club Colombia</Line>
													<Line/>
												</AddressLine>
												<Country>
													<IdentificationCode>CO</IdentificationCode>
												</Country>
											</Address>
										</PhysicalLocation>
										<TaxLevelCodes>
											<TaxLevelCode listName="TIPOS PERSONA:2016" listSchemeURI="http://www.dian.gov.co/micrositios/fac_electronica/documentos/Anexo_Tecnico_001_Formatos_de_los_Documentos_XML_de_Facturacion_Electron.pdf" name="Persona Jurídica">1</TaxLevelCode>
											<TaxLevelCode listName="TIPOS OBLIGACIONES-RESPONSABILIDADES:2016" listSchemeURI="http://www.dian.gov.co/micrositios/fac_electronica/documentos/Anexo_Tecnico_001_Formatos_de_los_Documentos_XML_de_Facturacion_Electron.pdf" name="Gran contribuyente">O-13</TaxLevelCode>
											<TaxLevelCode listName="TIPOS REPRESENTACION:2016" listSchemeURI="http://www.dian.gov.co/micrositios/fac_electronica/documentos/Anexo_Tecnico_001_Formatos_de_los_Documentos_XML_de_Facturacion_Electron.pdf" name="Otro tipo de responsable PJ.- Mandante.">R-99-PJ</TaxLevelCode>
											<TaxLevelCode listName="" listSchemeURI="http://www.dian.gov.co/micrositios/fac_electronica/documentos/Anexo_Tecnico_001_Formatos_de_los_Documentos_XML_de_Facturacion_Electron.pdf" name=""/>
										</TaxLevelCodes>
										<PartyLegalEntity>
											<RegistrationName>Software Colombia S.A.S</RegistrationName>
										</PartyLegalEntity>
										<Person>
											<FirstName>Juan</FirstName>
											<FamilyName>Castro Pinto</FamilyName>
											<MiddleName>Camilo</MiddleName>
										</Person>
									</Party>
								</SellerSupplierParty>
								<SellerSupplierParty id="/fe:Invoice/ext:UBLExtensions/ext:UBLExtension[2]/ext:ExtensionContent/sts:DianExtensions/sts:DianExtension[1]/sellerSupplierCommitment/SellerSupplierParties/SellerSupplierParty[2]"/>
								<fragmentDescription name="/fe:Invoice/ext:UBLExtensions/ext:UBLExtension[2]/ext:ExtensionContent/sts:DianExtensions/sts:DianExtension[1]/sellerSupplierCommitment/SellerSupplierParties">
									<XPath element="SellerSupplierParty[X]/AdditionalAccountID">/fe:Invoice/ext:UBLExtensions/ext:UBLExtension[Z]/ext:ExtensionContent/sts:DianExtensions/sts:DianExtension[Y]/sellerSupplierCommitment/SellerSupplierParties/SellerSupplierParty[X]/AdditionalAccountID</XPath>
									<Description element="SellerSupplierParty/AdditionalAccountID">../SellerSupplierParty[X]/AdditionalAccountID="1", i.e. ../AdditionalAccountID/@schemeName="mandante: enterprise, legal person" || "mandante: una persona jurídica"</Description>
									<Description element="SellerSupplierParty/AdditionalAccountID">../SellerSupplierParty[X]/AdditionalAccountID="1", implica el uso del fragmento fe:Invoice/ext:UBLExtensions/ext:UBLExtension[Z]/ext:ExtensionContent/sts:DianExtensions/sts:DianExtension[Y]/sellerSupplierCommitment/SellerSupplierParties/SellerSupplierParty[X]/Party/PartyName/Name.- En su defecto, la alternativa es que el valor sea el mismo del elemento /fe:Invoice/ext:UBLExtensions/ext:UBLExtension[Z]/ext:ExtensionContent/sts:DianExtensions/sts:DianExtension[Y]/sellerSupplierCommitment/SellerSupplierParties/SellerSupplierParty[X]/Party/PartyLegalEntity/RegistrationName</Description>
									<Description element="SellerSupplierParty/AdditionalAccountID">../SellerSupplierParty[X]/AdditionalAccountID="2", i.e. ../AdditionalAccountID/@schemeName="mandante: natural person" || "mandante: una persona natural o física"</Description>
									<Description element="SellerSupplierParty/AdditionalAccountID">../SellerSupplierParty[X]/AdditionalAccountID="2", implica el uso del fragmento /fe:Invoice/ext:UBLExtensions/ext:UBLExtension[Z]/ext:ExtensionContent/sts:DianExtensions/sts:DianExtension[Y]/sellerSupplierCommitment/SellerSupplierParties/SellerSupplierParty[X]/Party/Person que contiene un nobre de persona natural como sigue: ../Person/FirstName, ../Person/FamilyName, ../Person/MiddleName</Description>
									<XPath element="SellerSupplierParty/Party">/fe:Invoice/ext:UBLExtensions/ext:UBLExtension[Z]/ext:ExtensionContent/sts:DianExtensions/sts:DianExtension[Y]/sellerSupplierCommitment/SellerSupplierParties/SellerSupplierParty[X]/Party</XPath>
									<Description element="SellerSupplierParty/Party">Bloque para registrar los datos del mandante</Description>
									<Description element="SellerSupplierParty/Party"/>
									<XPath element="SellerSupplierParty/Party/WebsiteURI">/fe:Invoice/ext:UBLExtensions/ext:UBLExtension[Z]/ext:ExtensionContent/sts:DianExtensions/sts:DianExtension[Y]/sellerSupplierCommitment/SellerSupplierParties/SellerSupplierParty[X]/Party/WebsiteURI</XPath>
									<Description element="SellerSupplierParty/Party/WebsiteURI">dirección del sitio web del mandante</Description>
									<Description element="SellerSupplierParty/Party/WebsiteURI"/>
									<XPath element="SellerSupplierParty/Party/PartyIdentification/ID">/fe:Invoice/ext:UBLExtensions/ext:UBLExtension[Z]/ext:ExtensionContent/sts:DianExtensions/sts:DianExtension[Y]/sellerSupplierCommitment/SellerSupplierParties/SellerSupplierParty[X]/Party/PartyIdentification/ID</XPath>
									<Description element="SellerSupplierParty/Party/PartyIdentification/ID">Identificador del mandante ante la autoridad tributaria: NIT.</Description>
									<Description element="SellerSupplierParty/Party/PartyIdentification/ID">Incluya los atributos utilizados en /fe:Invoice/fe:AccountingSupplierParty/fe:Party/cac:PartyIdentification/cbc:ID</Description>
									<XPath element="SellerSupplierParty/Party/PartyName/Name">/fe:Invoice/ext:UBLExtensions/ext:UBLExtension[Z]/ext:ExtensionContent/sts:DianExtensions/sts:DianExtension[Y]/sellerSupplierCommitment/SellerSupplierParties/SellerSupplierParty[X]/Party/PartyName/Name</XPath>
									<Description element="SellerSupplierParty/Party/PartyName/Name">Nombre del establecimiento de comercio, punto de venta</Description>
									<Description element="SellerSupplierParty/Party/PartyName/Name">Vea la casilla '36. Nombre comercial:' del formulario 001</Description>
									<XPath element="SellerSupplierParty[X]/Party/PhysicalLocation/Address/CityName">/fe:Invoice/ext:UBLExtensions/ext:UBLExtension[Z]/ext:ExtensionContent/sts:DianExtensions/sts:DianExtension[Y]/sellerSupplierCommitment/SellerSupplierParties/SellerSupplierParty[X]/Party/PhysicalLocation/Address/CityName</XPath>
									<Description element="SellerSupplierParty/Party/PhysicalLocation/Address/CityName">ciudad de localización del mandante</Description>
									<Description element="SellerSupplierParty/Party/PhysicalLocation/Address/CityName"/>
									<XPath element="SellerSupplierParty/Party/PhysicalLocation/Address/CountrySubentity">/fe:Invoice/ext:UBLExtensions/ext:UBLExtension[Z]/ext:ExtensionContent/sts:DianExtensions/sts:DianExtension[Y]/sellerSupplierCommitment/SellerSupplierParties/SellerSupplierParty[X]/Party/PhysicalLocation/Address/CountrySubentity</XPath>
									<Description element="SellerSupplierParty/Party/PhysicalLocation/Address/CountrySubentity">nombre del departamento si está en Colombia, o del estado, o de la denominación legal complementaria que corresponda de acuerdo con los usos y costumbres o de la definición legal del país en donde se encuentre localizado el mandante</Description>
									<Description element="SellerSupplierParty/Party/PhysicalLocation/Address/CountrySubentity"/>
									<XPath element="SellerSupplierParty/Party/PhysicalLocation/Address/AddressLine/Line">/fe:Invoice/ext:UBLExtensions/ext:UBLExtension[Z]/ext:ExtensionContent/sts:DianExtensions/sts:DianExtension[Y]/sellerSupplierCommitment/SellerSupplierParties/SellerSupplierParty[X]/Party/PhysicalLocation/Address/AddressLine/Line[W]</XPath>
									<Description element="SellerSupplierParty/Party/PhysicalLocation/Address/AddressLine/Line">Dirección postal del mandante</Description>
									<Description element="SellerSupplierParty/Party/PhysicalLocation/Address/AddressLine/Line"/>
									<XPath element="SellerSupplierParty[X]/Party/PhysicalLocation/Address/Country/IdentificationCode">SellerSupplierParty/Party/PhysicalLocation/Address/AddressLine/Line">/fe:Invoice/ext:UBLExtensions/ext:UBLExtension[Z]/ext:ExtensionContent/sts:DianExtensions/sts:DianExtension[Y]/sellerSupplierCommitment/SellerSupplierParties/SellerSupplierParty[X]/Party/PhysicalLocation/Address/Country/IdentificationCode</XPath>
									<Description element="SellerSupplierParty[X]/Party/PhysicalLocation/Address/Country/IdentificationCode">nombre del país del mandante</Description>
									<Description element="SellerSupplierParty[X]/Party/PhysicalLocation/Address/Country/IdentificationCode"/>
									<XPath element="SellerSupplierParty/Party/TaxLevelCodes/TaxLevelCode">/fe:Invoice/ext:UBLExtensions/ext:UBLExtension[Z]/ext:ExtensionContent/sts:DianExtensions/sts:DianExtension[Y]/sellerSupplierCommitment/SellerSupplierParties/SellerSupplierParty[X]/Party/TaxLevelCodes/TaxLevelCode[V]</XPath>
									<Description element="SellerSupplierParty/Party/TaxLevelCodes/TaxLevelCode">Parámetros de los Contribuyentes en el Registro Único Tributario de la República de Colombia.- Permiten la aplicación de la dinámica tributaria: tipos de 'persona contribuyentes'; los tipos de 'representaciones'; los tipos de 'responsabilidades, calidades y atributos'; los tipos de 'usuarios aduaneros'; y los tipos de 'establecimientos o sitios de comercio' establecidos por los contribuyentes.- El valor del elemento, i.e. el código&#8212; debe estar en el dominio de valores definidos en el atributo TaxLevelCode/@listName.- El código literal o nombre corto debe estar contenido en el atributo TaxLevelCode/@name.- La descripción completa o significado del nombre corto se encuentra en la dirección TaxLevelCode/@listSchemeURI. Este caso corresponde al Anexo Técnico 0001 de la Resolución 0019-2016 del Decreto 2242-2015.</Description>
									<Description element="SellerSupplierParty/Party/TaxLevelCodes/TaxLevelCode">El dominio de TaxLevelCode/@listName:= [TIPOS PERSONA:2016, TIPOS REPRESENTACION:2016, TIPOS OBLIGACIONES-RESPONSABILIDADES:2016, TIPOS USUARIOS ADUANEROS:2016, TIPOS ESTABLECIMIENTO:2016].- Cada elemento del dominio es una tabla del documento TaxLevelCode/@listSchemeURI. El atributo solo debe apuntar a un único elemento del dominio. Si el contribuyente tiene varios parámetros, deberá usar tantos elementos SellerSupplierParty/Party/TaxLevelCodes/TaxLevelCode como sea necesario.</Description>
									<Description element="SellerSupplierParty/Party/TaxLevelCodes/TaxLevelCode">El ejemplo describe un 'mandante' de acuerdo con lo previsto en el Art. 11 del Decreto 2242-2015.- Este 'mandante' es una 'persona jurídica', 'gran contribuyente', y en razón a que la lista 'TIPOS OBLIGACIONES-RESPONSABILIDADES:2016' no está codificado el 'mandante', se utiliza el código 'R-99-PJ', y el atributo TaxLevelCode/@name incluye en la descripción la palabra 'mandante'.- Si varios mandantes firmaron el mismo contrato, entonces deberán incluirse tantos fragmentos /fe:Invoice/ext:UBLExtensions/ext:UBLExtension[Z]/ext:ExtensionContent/sts:DianExtensions/sts:DianExtension[Y]/sellerSupplierCommitment/SellerSupplierParties/SellerSupplierParty como sea necesario.</Description>
									<XPath element="SellerSupplierParty/Party/PartyLegalEntity/RegistrationName">/fe:Invoice/ext:UBLExtensions/ext:UBLExtension[Z]/ext:ExtensionContent/sts:DianExtensions/sts:DianExtension[Y]/sellerSupplierCommitment/SellerSupplierParties/SellerSupplierParty[X]/Party/PartyLegalEntity/RegistrationName</XPath>
									<Description element="SellerSupplierParty/Party/PartyLegalEntity/RegistrationName">Nombre de la persona en el Registro Único Tributario, en las casillas '31' al '34' o en la casilla '35' del formulario 001 de la DIAN</Description>
									<Description element="SellerSupplierParty/Party/PartyLegalEntity/RegistrationName"/>
									<XPath element="SellerSupplierParty/Party/Person">/fe:Invoice/ext:UBLExtensions/ext:UBLExtension[Z]/ext:ExtensionContent/sts:DianExtensions/sts:DianExtension[Y]/sellerSupplierCommitment/SellerSupplierParties/SellerSupplierParty[X]/Party/Person/FirstName</XPath>
									<Description element="SellerSupplierParty/Party/Person">Nombre de una persona natural; elementos individuales de la composición de dicho nombre; corresponden a loe elementos Person/FirstName, Person/FamilyName, Person/MiddleName.- Vea la s casillas '31. Primer apellido', '32. Segundo apellido', '33. Primer nombre', '34. Otros nombres' del formulario 001 de la DIAN</Description>
									<Description element="SellerSupplierParty/Party/Person">Examine las recomendaciones de uso que aparecen en el elemento /fe:Invoice/ext:UBLExtensions/ext:UBLExtension[2]/ext:ExtensionContent/sts:DianExtensions/sts:DianExtension[1]/sellerSupplierCommitment/SellerSupplierParties/fragmentDescription/Description[1]@element=' SellerSupplierParty/AdditionalAccountID'</Description>
									<XPath element="SellerSupplierParty/ParticipationPercent">/fe:Invoice/ext:UBLExtensions/ext:UBLExtension[2]/ext:ExtensionContent/sts:DianExtensions/sts:DianExtension[1]/sellerSupplierCommitment/SellerSupplierParties/SellerSupplierParty[1]/ParticipationPercent</XPath>
									<Description element="SellerSupplierParty/ParticipationPercent"/>
									<Description element="SellerSupplierParty/ParticipationPercent"/>
								</fragmentDescription>
							</SellerSupplierParties>
							<fragmentDescription name="/fe:Invoice/ext:UBLExtensions/ext:UBLExtension[2]/ext:ExtensionContent/sts:DianExtensions/sts:DianExtension[1]/sellerSupplierCommitment">
								<XPath element="sellerSupplierCommitment/Contract">/fe:Invoice/ext:UBLExtensions/ext:UBLExtension[2]/ext:ExtensionContent/sts:DianExtensions/sts:DianExtension[1]/sellerSupplierCommitment/Contract</XPath>
								<Description element="sellerSupplierCommitment/Contract">Identificadores del contrato de mandato</Description>
								<Description element="sellerSupplierCommitment/Contract"/>
								<XPath element="sellerSupplierCommitment/SellerSupplierParties">/fe:Invoice/ext:UBLExtensions/ext:UBLExtension[2]/ext:ExtensionContent/sts:DianExtensions/sts:DianExtension[1]/sellerSupplierCommitment/SellerSupplierParties</XPath>
								<Description element="">Agrupamiento de los contratantes o mandantes</Description>
								<Description element=""/>
								<XPath element="sts:DianExtensions">/fe:Invoice/ext:UBLExtensions/ext:UBLExtension[X]/ext:ExtensionContent/sts:DianExtensions</XPath>
								<Description element="sts:DianExtensions">Fragmento definido por la DIAN para incluir informaciones que no se encuentran dentro de los documentos UBL-Invoice, UBL-CreditNote y UBL-DebitNote</Description>
								<Description element="sts:DianExtensions">Este fragmento es un contenedor de extensiones singulares o individuales</Description>
								<Description element=""/>
								<Description element=""/>
								<XPath element="sts:DianExtensions/@id">/fe:Invoice/ext:UBLExtensions/ext:UBLExtension[2]/ext:ExtensionContent/sts:DianExtensions/@id</XPath>
								<Description element="sts:DianExtensions/@id">Identificador de la extensión que se agrega</Description>
								<Description element="sts:DianExtensions/@id"/>
								<XPath element="">/fe:Invoice/ext:UBLExtensions/ext:UBLExtension[X]/ext:ExtensionContent/sts:DianExtensions/sts:DianExtension[1]</XPath>
								<Description element="sts:DianExtension[1]">Este fragmento contiene la primera extensión</Description>
								<Description element="sts:DianExtension[1]"/>
								<XPath element="SellerSupplierParties">/fe:Invoice/ext:UBLExtensions/ext:UBLExtension[2]/ext:ExtensionContent/sts:DianExtensions/sts:DianExtension[1]/SellerSupplierParties</XPath>
								<Description element="SellerSupplierParties">Fragmento para el registro de lo dispuesto en "ARTICULO 11. Factura electrónica en los contratos de mandato, consorcio y uniones temporales."</Description>
								<Description element="SellerSupplierParties">Los campos describen a las personas jurídicas y naturales que intervienen en la figura como mandantes, consorciados y miembro de unión temporal.</Description>
								<Description element="SellerSupplierParties">Este fragmento es un contenedor de uno o más participantes como mandantes, consorciados y miembro de unión temporal.</Description>
								<Description element="SellerSupplierParties"/>
								<Description element="SellerSupplierParties"/>
								<Description element="SellerSupplierParties"/>
							</fragmentDescription>
						</sellerSupplierCommitment>
					</sts:DianExtension>
					<sts:DianExtension id="/fe:Invoice/ext:UBLExtensions/ext:UBLExtension[2]/ext:ExtensionContent/sts:DianExtensions/sts:DianExtension[2]"/>
					<fragmentDescription name="/fe:Invoice/ext:UBLExtensions/ext:UBLExtension[2]/ext:ExtensionContent/sts:DianExtensions">
						<XPath element="DianExtensions/DianExtension">/fe:Invoice/ext:UBLExtensions/ext:UBLExtension[2]/ext:ExtensionContent/sts:DianExtensions/sts:DianExtension[1]</XPath>
						<Description element=""/>
						<Description element=""/>
					</fragmentDescription>
				</sts:DianExtensions>
			</ext:ExtensionContent>
		</ext:UBLExtension>
		<ext:UBLExtension>
			<ext:ExtensionContent/>
		</ext:UBLExtension>
	</ext:UBLExtensions>
	<cbc:UBLVersionID>UBL 2.0</cbc:UBLVersionID>
	<cbc:ProfileID>DIAN 1.0</cbc:ProfileID>
	<cbc:ID/>
	<cbc:UUID schemeAgencyID="195" schemeAgencyName="CO, DIAN (Direccion de Impuestos y Aduanas Nacionales)"/>
	<cbc:IssueDate>1957-08-13</cbc:IssueDate>
	<cbc:IssueTime>09:30:47+05:00</cbc:IssueTime>
	<cbc:InvoiceTypeCode listAgencyID="195" listAgencyName="CO, DIAN (Direccion de Impuestos y Aduanas Nacionales)" listSchemeURI="http://www.dian.gov.co/contratos/facturaelectronica/v1/InvoiceType">1</cbc:InvoiceTypeCode>
	<cbc:Note>&#182;Estos fragmentos ejemplifican el uso de los elementos relacionados en el nombre del archivo, y de los /fe:Invoice/cbc:Note[X] que siguen a continuación; tal como está conformado pasa satisfactoriamente la validación del motor XSD, pero esto no indica que se trata de una 'factura electrónica de Colombia' en estado EXITOSO. Solo ilustra el uso de los elementos y sus atributos que han sido referenciados.</cbc:Note>
	<cbc:Note>&#182;Esta factura ejemplifica el registro del MANDATARIO como vendedor de bienes y servicios en nombre de terceros</cbc:Note>
	<cbc:Note>&#182;El fragmento xPath: /fe:Invoice/fe:AccountingSupplierParty/fe:Party debe conformarse de una manera especial, porque ahora hay varias fuentes de datos para los /fe:Invoice/fe:AccountingSupplierParty/fe:Party/fe:PartyTaxScheme[1]/cbc:TaxLevelCode que se distinguen en el atributo cbc:TaxLevelCode/@listName </cbc:Note>
	<cbc:Note>&#8212;&#8212;Observe el fragmento xPath: /fe:Invoice/ext:UBLExtensions/ext:UBLExtension[2]/ext:ExtensionContent/sts:DianExtensions/sts:DianExtension[1]/sellerSupplierCommitment incluye informaciones sobre el mandato o UT</cbc:Note>
	<cbc:Note>&#8212;&#8212;El fragmento xPath: /fe:Invoice/ext:UBLExtensions/ext:UBLExtension[2]/ext:ExtensionContent/sts:DianExtensions/sts:DianExtension[1]/sellerSupplierCommitment/SellerSupplierParties/SellerSupplierParty[1] identificada cada miembro del mandato o UT</cbc:Note>
	<cbc:Note>&#8212;&#8212;El fragmento xPath: /fe:Invoice/fe:InvoiceLine/fe:Item/cac:SellersItemIdentification/cbc:ID identifica el item del mandante</cbc:Note>
	<cbc:Note>&#8212;&#8212;El fragmento </cbc:Note>
	<cbc:DocumentCurrencyCode>COP</cbc:DocumentCurrencyCode>
	<fe:AccountingSupplierParty>
		<cbc:AdditionalAccountID>1</cbc:AdditionalAccountID>
		<fe:Party>
			<cac:PartyIdentification>
				<cbc:ID schemeAgencyID="195" schemeAgencyName="CO, DIAN (Direccion de Impuestos y Aduanas Nacionales)" schemeID="31" schemeName="identificación sin DV del mandatario; identificación de quien obtuvo el código de activación registrado en el xPath /fe:Invoice/ext:UBLExtensions/ext:UBLExtension/ext:ExtensionContent/sts:DianExtensions/sts:SoftwareProvider/sts:SoftwareID" schemeDataURI="http://www.dian.gov.co/micrositios/fac_electronica/documentos/Anexo_Tecnico_001_Formatos_de_los_Documentos_XML_de_Facturacion_Electron.pdf 'Tipos de documentos de identidad'">900373125</cbc:ID>
			</cac:PartyIdentification>
			<cac:PartyName>
				<cbc:Name>nombre establecimiento del punto de venta || nombre mercantil del punto de venta </cbc:Name>
			</cac:PartyName>
			<fe:PhysicalLocation>
				<cbc:Description>ubicación del punto de venta</cbc:Description>
				<fe:Address>
					<cbc:Department>Tolima</cbc:Department>
					<cbc:CitySubdivisionName>Centro</cbc:CitySubdivisionName>
					<cbc:CityName>Guamo</cbc:CityName>
					<cac:AddressLine>
						<cbc:Line>	carrera 8 Nº 6C - 82</cbc:Line>
					</cac:AddressLine>
					<cac:Country>
						<cbc:IdentificationCode>CO</cbc:IdentificationCode>
					</cac:Country>
				</fe:Address>
			</fe:PhysicalLocation>
			<fe:PartyTaxScheme>
				<cbc:RegistrationName>nombre del mandatario en el RUT</cbc:RegistrationName>
				<cbc:CompanyID schemeAgencyID="195" schemeAgencyName="CO, DIAN (Direccion de Impuestos y Aduanas Nacionales)" schemeID="31" schemeName="NIT con DV del mandatario " schemeDataURI="http://www.dian.gov.co/micrositios/fac_electronica/documentos/Anexo_Tecnico_001_Formatos_de_los_Documentos_XML_de_Facturacion_Electron.pdf" schemeVersionID="'Tipos de documentos de identidad'">900373125-9</cbc:CompanyID>
				<cbc:TaxLevelCode listName="TIPOS OBLIGACIONES-RESPONSABILIDADES:2016" listSchemeURI="http://www.dian.gov.co/micrositios/fac_electronica/documentos/Anexo_Tecnico_001_Formatos_de_los_Documentos_XML_de_Facturacion_Electron.pdf" name="Ventas régimen común">O-11</cbc:TaxLevelCode>
				<cac:TaxScheme/>
			</fe:PartyTaxScheme>
			<fe:PartyTaxScheme>
				<cbc:TaxLevelCode listName="TIPOS PERSONA:2016" listSchemeURI="http://www.dian.gov.co/micrositios/fac_electronica/documentos/Anexo_Tecnico_001_Formatos_de_los_Documentos_XML_de_Facturacion_Electron.pdf" name="Persona Jurídica">1</cbc:TaxLevelCode>
				<cac:TaxScheme/>
			</fe:PartyTaxScheme>
			<fe:PartyTaxScheme>
				<cbc:TaxLevelCode listName="TIPOS OBLIGACIONES-RESPONSABILIDADES:2016" listSchemeURI="http://www.dian.gov.co/micrositios/fac_electronica/documentos/Anexo_Tecnico_001_Formatos_de_los_Documentos_XML_de_Facturacion_Electron.pdf" name="Gran contribuyente">O-13</cbc:TaxLevelCode>
				<cac:TaxScheme/>
			</fe:PartyTaxScheme>

			<fe:PartyTaxScheme>
				<cbc:TaxLevelCode listName="TIPOS OBLIGACIONES-RESPONSABILIDADES:2016" listSchemeURI="http://www.dian.gov.co/micrositios/fac_electronica/documentos/Anexo_Tecnico_001_Formatos_de_los_Documentos_XML_de_Facturacion_Electron.pdf" name="Retención en la fuente a título de renta">O-07</cbc:TaxLevelCode>
				<cac:TaxScheme/>
			</fe:PartyTaxScheme>
			<fe:PartyTaxScheme>
				<cbc:TaxLevelCode listName="TIPOS OBLIGACIONES-RESPONSABILIDADES:2016" listSchemeURI="http://www.dian.gov.co/micrositios/fac_electronica/documentos/Anexo_Tecnico_001_Formatos_de_los_Documentos_XML_de_Facturacion_Electron.pdf" name="Retención en la fuente en el impuesto sobre las ventas">O-09</cbc:TaxLevelCode>
				<cac:TaxScheme/>
			</fe:PartyTaxScheme>
			<fe:PartyTaxScheme>
				<cbc:TaxLevelCode listName="TIPOS OBLIGACIONES-RESPONSABILIDADES:2016" listSchemeURI="http://www.dian.gov.co/micrositios/fac_electronica/documentos/Anexo_Tecnico_001_Formatos_de_los_Documentos_XML_de_Facturacion_Electron.pdf" name="Autorretenedor">O-15</cbc:TaxLevelCode>
				<cac:TaxScheme/>
			</fe:PartyTaxScheme>
			<fe:PartyTaxScheme>
				<cbc:TaxLevelCode listName="TIPOS OBLIGACIONES-RESPONSABILIDADES:2016" listSchemeURI="http://www.dian.gov.co/micrositios/fac_electronica/documentos/Anexo_Tecnico_001_Formatos_de_los_Documentos_XML_de_Facturacion_Electron.pdf" name="Obligado a cumplir deberes formales a nombre de terceros">O-22</cbc:TaxLevelCode>
				<cac:TaxScheme/>
			</fe:PartyTaxScheme>
			<fe:PartyTaxScheme>
				<cbc:TaxLevelCode listName="TIPOS OBLIGACIONES-RESPONSABILIDADES:2016" listSchemeURI="http://www.dian.gov.co/micrositios/fac_electronica/documentos/Anexo_Tecnico_001_Formatos_de_los_Documentos_XML_de_Facturacion_Electron.pdf" name="Agente de retención en el impuesto sobre las ventas">O-23</cbc:TaxLevelCode>
				<cac:TaxScheme/>
			</fe:PartyTaxScheme>
			<fe:PartyTaxScheme>
				<cbc:TaxLevelCode listName="TIPOS OBLIGACIONES-RESPONSABILIDADES:2016" listSchemeURI="http://www.dian.gov.co/micrositios/fac_electronica/documentos/Anexo_Tecnico_001_Formatos_de_los_Documentos_XML_de_Facturacion_Electron.pdf" name="Obligado a Facturar Electrónicamente Modelo 2242">O-37</cbc:TaxLevelCode>
				<cac:TaxScheme/>
			</fe:PartyTaxScheme>
			<fe:PartyTaxScheme>
				<cbc:TaxLevelCode listName="TIPOS OBLIGACIONES-RESPONSABILIDADES:2016" listSchemeURI="http://www.dian.gov.co/micrositios/fac_electronica/documentos/Anexo_Tecnico_001_Formatos_de_los_Documentos_XML_de_Facturacion_Electron.pdf" name="Facturación Electrónica Voluntaria Modelo 2242">O-38</cbc:TaxLevelCode>
				<cac:TaxScheme/>
			</fe:PartyTaxScheme>
			<fe:PartyTaxScheme>
				<cbc:TaxLevelCode listName="TIPOS REPRESENTACION:2016" listSchemeURI="http://www.dian.gov.co/micrositios/fac_electronica/documentos/Anexo_Tecnico_001_Formatos_de_los_Documentos_XML_de_Facturacion_Electron.pdf" name="Factor PJ">R-12-PJ</cbc:TaxLevelCode>
				<cac:TaxScheme/>
			</fe:PartyTaxScheme>
			<fe:PartyTaxScheme>
				<cbc:TaxLevelCode listName="TIPOS REPRESENTACION:2016" listSchemeURI="http://www.dian.gov.co/micrositios/fac_electronica/documentos/Anexo_Tecnico_001_Formatos_de_los_Documentos_XML_de_Facturacion_Electron.pdf" name="Mandatario PJ">R-16-PJ</cbc:TaxLevelCode>
				<cac:TaxScheme/>
			</fe:PartyTaxScheme>
			<fe:PartyTaxScheme>
				<cbc:TaxLevelCode listName="TIPOS ESTABLECIMIENTO:2016" listSchemeURI="http://www.dian.gov.co/micrositios/fac_electronica/documentos/Anexo_Tecnico_001_Formatos_de_los_Documentos_XML_de_Facturacion_Electron.pdf" name="Punto de venta">17</cbc:TaxLevelCode>
				<cac:TaxScheme/>
			</fe:PartyTaxScheme>
			<fe:PartyTaxScheme>
				<cbc:TaxLevelCode listName="" listSchemeURI="http://www.dian.gov.co/micrositios/fac_electronica/documentos/Anexo_Tecnico_001_Formatos_de_los_Documentos_XML_de_Facturacion_Electron.pdf" name="">4</cbc:TaxLevelCode>
				<cac:TaxScheme/>
			</fe:PartyTaxScheme>	
			<fe:PartyLegalEntity>
				<cbc:RegistrationName>nombre del mandatario en la Cámara de Comercio o equivalente</cbc:RegistrationName>
				<cac:RegistrationAddress>
					<cbc:CitySubdivisionName>barrio del mandatario</cbc:CitySubdivisionName>
					<cbc:CityName>ciudad del mandatario</cbc:CityName>
					<cbc:PostalZone>zona postal del mandatario</cbc:PostalZone>
					<cbc:CountrySubentity>departamento del mandatario</cbc:CountrySubentity>
					<cac:AddressLine>
						<cbc:Line>dirección del mandatario</cbc:Line>
					</cac:AddressLine>
					<cac:Country/>
				</cac:RegistrationAddress>
			</fe:PartyLegalEntity>
		</fe:Party>
	</fe:AccountingSupplierParty>
	<fe:AccountingCustomerParty>
		<cbc:AdditionalAccountID>1</cbc:AdditionalAccountID>
		<fe:Party>
			<cac:PartyIdentification>
				<cbc:ID schemeAgencyID="195" schemeAgencyName="CO, DIAN (Direccion de Impuestos y Aduanas Nacionales)" schemeID="31" schemeName="31:= NIT; 21:= cc; 22:= cc extranjería;"></cbc:ID>
			</cac:PartyIdentification>
			<cac:PartyName>
				<cbc:Name/>
			</cac:PartyName>
			<fe:PhysicalLocation/>
			<fe:PartyTaxScheme>
				<cbc:TaxLevelCode>0</cbc:TaxLevelCode>
				<cac:TaxScheme/>
			</fe:PartyTaxScheme>
			<fe:PartyLegalEntity>
				<cbc:RegistrationName>nombre del adquiriente en el RUT o en el documento de identificación</cbc:RegistrationName>
			</fe:PartyLegalEntity>
		</fe:Party>
	</fe:AccountingCustomerParty>
	<fe:TaxTotal>
		<cbc:TaxAmount currencyID="COP">0.00</cbc:TaxAmount>
		<cbc:TaxEvidenceIndicator>false</cbc:TaxEvidenceIndicator>
		<fe:TaxSubtotal>
			<cbc:TaxableAmount currencyID="COP">0.00</cbc:TaxableAmount>
			<cbc:TaxAmount currencyID="COP">0.00</cbc:TaxAmount>
			<cbc:Percent>9.66</cbc:Percent>
			<cac:TaxCategory>
				<cac:TaxScheme/>
			</cac:TaxCategory>
		</fe:TaxSubtotal>
	</fe:TaxTotal>
	<fe:LegalMonetaryTotal>
		<cbc:LineExtensionAmount currencyID="COP">0.00</cbc:LineExtensionAmount>
		<cbc:TaxExclusiveAmount currencyID="COP">0.00</cbc:TaxExclusiveAmount>
		<cbc:PayableAmount currencyID="COP">0.00</cbc:PayableAmount>
	</fe:LegalMonetaryTotal>
	<fe:InvoiceLine>
		<cbc:ID>1</cbc:ID>
		<cbc:InvoicedQuantity>0</cbc:InvoicedQuantity>
		<cbc:LineExtensionAmount currencyID="COP">0.00</cbc:LineExtensionAmount>
		<fe:Item>
			<cbc:Description languageID="en-US"/>
			<cbc:Description languageID="es-CO">Línea-1 PRUE980000129 f-s0001_900373125_a981c_R9000000500018097-PRUE-A_cufe</cbc:Description>
			<cac:SellersItemIdentification>
				<cbc:ID>identificador del item para el mandante o UT</cbc:ID>
				<cbc:ExtendedID schemeName="identificador del contrato de mandato o UT">/fe:Invoice/ext:UBLExtensions/ext:UBLExtension[2]/ext:ExtensionContent/sts:DianExtensions/sts:DianExtension[1]/sellerSupplierCommitment/Contract/ID</cbc:ExtendedID>
				<cac:IssuerParty>
					<cac:PartyIdentification>
						<cbc:ID>/fe:Invoice/ext:UBLExtensions/ext:UBLExtension[2]/ext:ExtensionContent/sts:DianExtensions/sts:DianExtension[1]/sellerSupplierCommitment/SellerSupplierParties/SellerSupplierParty[1]/Party/PartyIdentification/ID</cbc:ID>
					</cac:PartyIdentification>
				</cac:IssuerParty>
			</cac:SellersItemIdentification>
		</fe:Item>
		<fe:Price>
			<cbc:PriceAmount currencyID="COP">0.00</cbc:PriceAmount>
		</fe:Price>
	</fe:InvoiceLine>
</fe:Invoice>
