<?xml version="1.0" encoding="UTF-8" standalone="no"?>
<fe:Invoice xmlns:fe="http://www.dian.gov.co/contratos/facturaelectronica/v1" xmlns:cac="urn:oasis:names:specification:ubl:schema:xsd:CommonAggregateComponents-2" xmlns:cbc="urn:oasis:names:specification:ubl:schema:xsd:CommonBasicComponents-2" xmlns:clm54217="urn:un:unece:uncefact:codelist:specification:54217:2001" xmlns:clm66411="urn:un:unece:uncefact:codelist:specification:66411:2001" xmlns:clmIANAMIMEMediaType="urn:un:unece:uncefact:codelist:specification:IANAMIMEMediaType:2003" xmlns:ext="urn:oasis:names:specification:ubl:schema:xsd:CommonExtensionComponents-2" xmlns:qdt="urn:oasis:names:specification:ubl:schema:xsd:QualifiedDatatypes-2" xmlns:sts="http://www.dian.gov.co/contratos/facturaelectronica/v1/Structures" xmlns:udt="urn:un:unece:uncefact:data:specification:UnqualifiedDataTypesSchemaModule:2" xmlns:xsi="http://www.w3.org/2001/XMLSchema-instance" xsi:schemaLocation="http://www.dian.gov.co/contratos/facturaelectronica/v1 http://factura.today/XSD/r0/DIAN_UBL.xsd">
	<ext:UBLExtensions>
		<ext:UBLExtension>
			<ext:ExtensionAgencyName>DIAN</ext:ExtensionAgencyName>
			<ext:ExtensionReason>OFE Gran Contribuyente; auto retenedor de IVA</ext:ExtensionReason>
			<ext:ExtensionContent>
				<autoRetencionIVA>
					<!--fragmento informativo-->
					<fe:Party>
						<cac:PartyIdentification>
							<cbc:Id schemeID="31">900373117</cbc:Id>
						</cac:PartyIdentification>
					</fe:Party>
					<fe:TaxTotal>
						<cbc:TaxAmount currencyID="COP">4355.46</cbc:TaxAmount>
						<cbc:TaxEvidenceIndicator>true<!--el Adquirente respetará el valor registrado en /fe:Invoice/fe:AccountingSupplierParty/fe:Party/fe:PartyTaxScheme[3]/cbc:TaxLevelCode-->
						</cbc:TaxEvidenceIndicator>
						<fe:TaxSubtotal>
							<cbc:TaxableAmount currencyID="COP">29036.00<!-- valor base de la reteIVA; valor traido desde /fe:Invoice/fe:TaxTotal[X]/cbc:TaxAmount cuando /fe:Invoice/fe:TaxTotal[X]/fe:TaxSubtotal/cbc:Percent=16.00 -->
							</cbc:TaxableAmount>
							<cbc:TaxAmount currencyID="COP">4355.46<!--valor a declarar y pagar-->
							</cbc:TaxAmount>
							<cac:TaxCategory>
								<cbc:Name>Auto Retención; Art. 437-1 del E.T.; reteIVA</cbc:Name>
								<cbc:TierRatePercent>15.00</cbc:TierRatePercent>
								<cac:TaxScheme>
									<cbc:ID schemeName="código impuesto">01</cbc:ID>
									<cbc:Name>IVA</cbc:Name>
								</cac:TaxScheme>
							</cac:TaxCategory>
						</fe:TaxSubtotal>
					</fe:TaxTotal>
				</autoRetencionIVA>
			</ext:ExtensionContent>
		</ext:UBLExtension>
		<ext:UBLExtension>
			<ext:ExtensionContent>
				<sts:DianExtensions>
					<sts:InvoiceControl>
						<sts:InvoiceAuthorization>9000000500017996</sts:InvoiceAuthorization>
						<sts:AuthorizationPeriod>
							<cbc:StartDate>2016-07-12</cbc:StartDate>
							<cbc:EndDate>2026-07-10</cbc:EndDate>
						</sts:AuthorizationPeriod>
						<sts:AuthorizedInvoices>
							<sts:Prefix>PRUE</sts:Prefix>
							<sts:From>980000000</sts:From>
							<sts:To>985000000</sts:To>
						</sts:AuthorizedInvoices>
					</sts:InvoiceControl>
					<sts:InvoiceSource>
						<cbc:IdentificationCode listAgencyID="6" listAgencyName="United Nations Economic Commission for Europe" listSchemeURI="urn:oasis:names:specification:ubl:codelist:gc:CountryIdentificationCode-2.0">CO</cbc:IdentificationCode>
					</sts:InvoiceSource>
					<sts:SoftwareProvider>
						<sts:ProviderID schemeAgencyID="195" schemeAgencyName="CO, DIAN (Direccion de Impuestos y Aduanas Nacionales)">900373117</sts:ProviderID>
						<sts:SoftwareID schemeAgencyID="195" schemeAgencyName="CO, DIAN (Direccion de Impuestos y Aduanas Nacionales)">68a25060-9b36-488c-ac92-c4a873449fbf</sts:SoftwareID>
					</sts:SoftwareProvider>
					<sts:SoftwareSecurityCode schemeAgencyID="195" schemeAgencyName="CO, DIAN (Direccion de Impuestos y Aduanas Nacionales)">33d73a9f92f5afb5017a78973f9d646daf46343010f66f35f21bb9bc77d237e74080e1c2867d4ef2bd77993b62929d5d</sts:SoftwareSecurityCode>
				</sts:DianExtensions>
			</ext:ExtensionContent>
		</ext:UBLExtension>
	</ext:UBLExtensions>
	<cbc:UBLVersionID>UBL 2.0</cbc:UBLVersionID>
	<cbc:CustomizationID schemeName="OFE autoretenedor IVA; Adquirente: no autoretenedor"/>
	<cbc:ProfileID>DIAN 1.0</cbc:ProfileID>
	<cbc:ID>PRUE980006782</cbc:ID>
	<cbc:UUID schemeAgencyID="195" schemeAgencyName="CO, DIAN (Direccion de Impuestos y Aduanas Nacionales)">a9aeac510ccf8b4e860798c730a5e2683c30915e</cbc:UUID>
	<cbc:IssueDate>2016-09-27</cbc:IssueDate>
	<cbc:IssueTime>01:03:21</cbc:IssueTime>
	<cbc:InvoiceTypeCode listAgencyID="195" listAgencyName="CO, DIAN (Direccion de Impuestos y Aduanas Nacionales)" listSchemeURI="http://www.dian.gov.co/contratos/facturaelectronica/v1/InvoiceType">1</cbc:InvoiceTypeCode>
	<cbc:Note>Set de pruebas =  fos0001_900373117_68a25_R9000000500017996-PRUE-A.bat_cufePRUE980006782_0W_900373117  2016-09-27&#13;
NumFac: PRUE980006782&#13;
FecFac: 20160927010321&#13;
ValFac: 181476.00&#13;
CodImp1: 01&#13;
ValImp1: 29036.16&#13;
CodImp2: 02&#13;
ValImp2: 0.00&#13;
CodImp3: 03&#13;
ValImp3: 7513.10&#13;
ValImp: 218025.26&#13;
NitOFE: 900373117&#13;
TipAdq: 22&#13;
NumAdq: 11333666&#13;
String: PRUE98000678220160927010321181476.000129036.16020.00037513.10218025.269003731172211333666dd85db55545bd6566f36b0fd3be9fd8555c36e&#13;
</cbc:Note>
	<cbc:Note>
Elemento /fe:Invoice/fe:AccountingSupplierParty/fe:Party/fe:PartyTaxScheme
Elemento /fe:Invoice/fe:AccountingCustomerParty/fe:Party/fe:PartyTaxScheme
</cbc:Note>
	<cbc:DocumentCurrencyCode>COP</cbc:DocumentCurrencyCode>
	<fe:AccountingSupplierParty>
		<cbc:AdditionalAccountID schemeName="tipos de personas; vendedor: una persona jurídica. Solo use el valor '1'" schemeDataURI="http://www.dian.gov.co/micrositios/fac_electronica/documentos/Anexo_Tecnico_001_Formatos_de_los_Documentos_XML_de_Facturacion_Electron.pdf">1</cbc:AdditionalAccountID>
		<fe:Party>
			<cac:PartyIdentification>
				<cbc:ID schemeAgencyID="195" schemeAgencyName="CO, DIAN (Direccion de Impuestos y Aduanas Nacionales)" schemeID="31">900373117</cbc:ID>
			</cac:PartyIdentification>
			<cac:PartyName>
				<cbc:Name>PJ - 900373117 - Adquiriente FE</cbc:Name>
			</cac:PartyName>
			<fe:PhysicalLocation>
				<fe:Address>
					<cbc:Department>Bolivar</cbc:Department>
					<cbc:CitySubdivisionName>Centro</cbc:CitySubdivisionName>
					<cbc:CityName>Pasa Caballos</cbc:CityName>
					<cac:AddressLine>
						<cbc:Line>	carrera 8 Nº 6C - 95</cbc:Line>
					</cac:AddressLine>
					<cac:Country>
						<cbc:IdentificationCode>CO</cbc:IdentificationCode>
					</cac:Country>
				</fe:Address>
			</fe:PhysicalLocation>
			<fe:PartyTaxScheme>
				<cbc:TaxLevelCode listSchemeURI="http://www.dian.gov.co/micrositios/fac_electronica/documentos/Anexo_Tecnico_001_Formatos_de_los_Documentos_XML_de_Facturacion_Electron.pdf" listName="Tipo de Régimen; " name="IVA Régimen Común">1</cbc:TaxLevelCode>
				<cac:TaxScheme>
					<cbc:Name>IVA Régimen Común</cbc:Name>
				</cac:TaxScheme>
			</fe:PartyTaxScheme>
			<fe:PartyTaxScheme>
				<cbc:TaxLevelCode listSchemeURI="http://www.dian.gov.co/micrositios/fac_electronica/documentos/Anexo_Tecnico_001_Formatos_de_los_Documentos_XML_de_Facturacion_Electron.pdf" listName="Tipos de Personas" name="Persona Jurídica">1</cbc:TaxLevelCode>
				<cac:TaxScheme>
					<cbc:Name>Persona Jurídica</cbc:Name>
				</cac:TaxScheme>
			</fe:PartyTaxScheme>
			<fe:PartyTaxScheme>
				<cbc:TaxLevelCode listSchemeURI="http://www.dian.gov.co/micrositios/fac_electronica/documentos/Anexo_Tecnico_001_Formatos_de_los_Documentos_XML_de_Facturacion_Electron.pdf" listName="Tipos de Personas" name="Gran Contribuyente">3</cbc:TaxLevelCode>
				<cac:TaxScheme>
					<cbc:Name>Gran Contribuyente</cbc:Name>
				</cac:TaxScheme>
			</fe:PartyTaxScheme>
			<fe:PartyTaxScheme>
				<cbc:TaxLevelCode listSchemeURI="http://www.dian.gov.co/micrositios/fac_electronica/documentos/Anexo_Tecnico_001_Formatos_de_los_Documentos_XML_de_Facturacion_Electron.pdf" listName="Tipos de Personas" name="Auto Retenedor">4</cbc:TaxLevelCode>
				<cac:TaxScheme>
					<cbc:Name>Auto Retenedor</cbc:Name>
				</cac:TaxScheme>
			</fe:PartyTaxScheme>
			<fe:PartyLegalEntity>
				<cbc:RegistrationName>PJ - 900373117</cbc:RegistrationName>
			</fe:PartyLegalEntity>
		</fe:Party>
	</fe:AccountingSupplierParty>
	<fe:AccountingCustomerParty>
		<cbc:AdditionalAccountID schemeName="tipos de personas; comprador: una persona natural. Solo use el valor '2'" schemeDataURI="http://www.dian.gov.co/micrositios/fac_electronica/documentos/Anexo_Tecnico_001_Formatos_de_los_Documentos_XML_de_Facturacion_Electron.pdf">2</cbc:AdditionalAccountID>
		<fe:Party>
			<cac:PartyIdentification>
				<cbc:ID schemeAgencyID="195" schemeAgencyName="CO, DIAN (Direccion de Impuestos y Aduanas Nacionales)" schemeID="22">11333666</cbc:ID>
			</cac:PartyIdentification>
			<fe:PhysicalLocation>
				<fe:Address>
					<cbc:Department>Santander</cbc:Department>
					<cbc:CitySubdivisionName>Centro</cbc:CitySubdivisionName>
					<cbc:CityName>Velez</cbc:CityName>
					<cac:AddressLine>
						<cbc:Line>	carrera 8 Nº 6C - 52</cbc:Line>
					</cac:AddressLine>
					<cac:Country>
						<cbc:IdentificationCode>CO</cbc:IdentificationCode>
					</cac:Country>
				</fe:Address>
			</fe:PhysicalLocation>
			<fe:PartyTaxScheme>
				<cbc:TaxLevelCode listName="tipos de personas; " name="Persona Natural" listSchemeURI="http://www.dian.gov.co/micrositios/fac_electronica/documentos/Anexo_Tecnico_001_Formatos_de_los_Documentos_XML_de_Facturacion_Electron.pdf">2</cbc:TaxLevelCode>
				<cac:TaxScheme>
					<cbc:Name>Persona Natural</cbc:Name>
				</cac:TaxScheme>
			</fe:PartyTaxScheme>
			<fe:Person>
				<cbc:FirstName>Primer-N</cbc:FirstName>
				<cbc:FamilyName>Apellido-11333666</cbc:FamilyName>
				<cbc:MiddleName>Segundo-N</cbc:MiddleName>
			</fe:Person>
		</fe:Party>
	</fe:AccountingCustomerParty>
	<fe:TaxTotal>
		<cbc:TaxAmount currencyID="COP">29036.16</cbc:TaxAmount>
		<cbc:TaxEvidenceIndicator>false</cbc:TaxEvidenceIndicator>
		<fe:TaxSubtotal>
			<cbc:TaxableAmount currencyID="COP">181476</cbc:TaxableAmount>
			<cbc:TaxAmount currencyID="COP">29036.16</cbc:TaxAmount>
			<cbc:Percent>16.0</cbc:Percent>
			<cac:TaxCategory>
				<cac:TaxScheme>
					<cbc:ID>01</cbc:ID>
				</cac:TaxScheme>
			</cac:TaxCategory>
		</fe:TaxSubtotal>
	</fe:TaxTotal>
	<fe:TaxTotal>
		<cbc:TaxAmount currencyID="COP">7513.1</cbc:TaxAmount>
		<cbc:TaxEvidenceIndicator>false</cbc:TaxEvidenceIndicator>
		<fe:TaxSubtotal>
			<cbc:TaxableAmount currencyID="COP">181476</cbc:TaxableAmount>
			<cbc:TaxAmount currencyID="COP">7513.1</cbc:TaxAmount>
			<cbc:Percent>4.14</cbc:Percent>
			<cac:TaxCategory>
				<cac:TaxScheme>
					<cbc:ID>03</cbc:ID>
				</cac:TaxScheme>
			</cac:TaxCategory>
		</fe:TaxSubtotal>
	</fe:TaxTotal>
	<fe:LegalMonetaryTotal>
		<cbc:LineExtensionAmount currencyID="COP">181476</cbc:LineExtensionAmount>
		<cbc:TaxExclusiveAmount currencyID="COP">36549.26</cbc:TaxExclusiveAmount>
		<cbc:PayableAmount currencyID="COP">218025.26</cbc:PayableAmount>
	</fe:LegalMonetaryTotal>
	<fe:InvoiceLine>
		<cbc:ID>1</cbc:ID>
		<cbc:InvoicedQuantity>852</cbc:InvoicedQuantity>
		<cbc:LineExtensionAmount currencyID="COP">181476</cbc:LineExtensionAmount>
		<fe:Item>
			<cbc:Description>Línea-1 PRUE980006782 fos0001_900373117_68a25_R9000000500017996-PRUE-A.bat_cufe</cbc:Description>
		</fe:Item>
		<fe:Price>
			<cbc:PriceAmount currencyID="COP">213</cbc:PriceAmount>
		</fe:Price>
	</fe:InvoiceLine>
</fe:Invoice>
