<?xml version="1.0" encoding="UTF-8" standalone="no"?>
<fe:Invoice xmlns:fe="http://www.dian.gov.co/contratos/facturaelectronica/v1" xmlns:cac="urn:oasis:names:specification:ubl:schema:xsd:CommonAggregateComponents-2" xmlns:cbc="urn:oasis:names:specification:ubl:schema:xsd:CommonBasicComponents-2" xmlns:clm54217="urn:un:unece:uncefact:codelist:specification:54217:2001" xmlns:clm66411="urn:un:unece:uncefact:codelist:specification:66411:2001" xmlns:clmIANAMIMEMediaType="urn:un:unece:uncefact:codelist:specification:IANAMIMEMediaType:2003" xmlns:ext="urn:oasis:names:specification:ubl:schema:xsd:CommonExtensionComponents-2" xmlns:qdt="urn:oasis:names:specification:ubl:schema:xsd:QualifiedDatatypes-2" xmlns:sts="http://www.dian.gov.co/contratos/facturaelectronica/v1/Structures" xmlns:udt="urn:un:unece:uncefact:data:specification:UnqualifiedDataTypesSchemaModule:2" xmlns:xsi="http://www.w3.org/2001/XMLSchema-instance" xsi:schemaLocation="http://www.dian.gov.co/contratos/facturaelectronica/v1 http://factura.today/XSD/r0/DIAN_UBL.xsd">
	<ext:UBLExtensions>
		<ext:UBLExtension>
			<ext:ExtensionAgencyName>DIAN</ext:ExtensionAgencyName>
			<ext:ExtensionReason>OFE vende con TCr &amp; TDb; Adquirente: consumidor final; franquicia de TCr &amp; TDb aplica reteIVA</ext:ExtensionReason>
			<ext:ExtensionContent>
				<retencionIVATC>
					<!--fragmento informativo-->
					<fe:Party>
						<cac:PartyIdentification>
							<cbc:Id schemeID="31">900373117</cbc:Id>
						</cac:PartyIdentification>
					</fe:Party>
					<fe:TaxTotal>
						<cbc:TaxAmount currencyID="COP">36549.26<!--valor a declarar y pagar-->
						</cbc:TaxAmount>
						<cbc:TaxEvidenceIndicator>true<!--el Adquirente respetará el valor registrado en /fe:Invoice/fe:AccountingSupplierParty/fe:Party/fe:PartyTaxScheme[3]/cbc:TaxLevelCode-->
						</cbc:TaxEvidenceIndicator>
						<cbc:Note>Puede aplicarse lo previsto en Retención; Par.2 Art. 437-1, #5 Art. 437-2 del E.T.; reteIVA-100% </cbc:Note>
						<cbc:Note>Abono a cuenta del OFE por parte de las franquicias de las Tarjetas de Crédito</cbc:Note>
						<cbc:Note>La franquicia aplica la reteIVA, declara y paga a la DIAN</cbc:Note>
						<cbc:Note>El Adquirente pagó con Tarjeta de Crédito al OFE</cbc:Note>
						<fe:TaxSubtotal>
							<cac:TaxCategory>
								<cbc:Name>Retención; Par.2 Art. 437-1, #5 Art. 437-2 del E.T.; reteIVA-100%</cbc:Name>
								<cbc:TierRatePercent>100.00</cbc:TierRatePercent>
								<cac:TaxScheme>
									<cbc:ID schemeName="código impuesto">01</cbc:ID>
									<cbc:Name>IVA</cbc:Name>
								</cac:TaxScheme>
							</cac:TaxCategory>
						</fe:TaxSubtotal>
					</fe:TaxTotal>
				</retencionIVATC>
			</ext:ExtensionContent>
		</ext:UBLExtension>
		<ext:UBLExtension>
			<ext:ExtensionContent>
				<sts:DianExtensions>
					<sts:InvoiceControl>
						<sts:InvoiceAuthorization>9000000500017996</sts:InvoiceAuthorization>
						<sts:AuthorizationPeriod>
							<cbc:StartDate>2016-07-12</cbc:StartDate>
							<cbc:EndDate>2026-07-10</cbc:EndDate>
						</sts:AuthorizationPeriod>
						<sts:AuthorizedInvoices>
							<sts:Prefix>PRUE</sts:Prefix>
							<sts:From>980000000</sts:From>
							<sts:To>985000000</sts:To>
						</sts:AuthorizedInvoices>
					</sts:InvoiceControl>
					<sts:InvoiceSource>
						<cbc:IdentificationCode listAgencyID="6" listAgencyName="United Nations Economic Commission for Europe" listSchemeURI="urn:oasis:names:specification:ubl:codelist:gc:CountryIdentificationCode-2.0">CO</cbc:IdentificationCode>
					</sts:InvoiceSource>
					<sts:SoftwareProvider>
						<sts:ProviderID schemeAgencyID="195" schemeAgencyName="CO, DIAN (Direccion de Impuestos y Aduanas Nacionales)">900373117</sts:ProviderID>
						<sts:SoftwareID schemeAgencyID="195" schemeAgencyName="CO, DIAN (Direccion de Impuestos y Aduanas Nacionales)">68a25060-9b36-488c-ac92-c4a873449fbf</sts:SoftwareID>
					</sts:SoftwareProvider>
					<sts:SoftwareSecurityCode schemeAgencyID="195" schemeAgencyName="CO, DIAN (Direccion de Impuestos y Aduanas Nacionales)">33d73a9f92f5afb5017a78973f9d646daf46343010f66f35f21bb9bc77d237e74080e1c2867d4ef2bd77993b62929d5d</sts:SoftwareSecurityCode>
				</sts:DianExtensions>
			</ext:ExtensionContent>
		</ext:UBLExtension>
	</ext:UBLExtensions>
	<cbc:UBLVersionID>UBL 2.0</cbc:UBLVersionID>
	<cbc:CustomizationID schemeName="OFE vende con TCr &amp; TDb; Adquirente: consumidor final; franquicia de TCr &amp; TDb aplica reteIVA"/>
	<cbc:ProfileID>DIAN 1.0</cbc:ProfileID>
	<cbc:ID>PRUE980006782</cbc:ID>
	<cbc:UUID schemeAgencyID="195" schemeAgencyName="CO, DIAN (Direccion de Impuestos y Aduanas Nacionales)">a9aeac510ccf8b4e860798c730a5e2683c30915e</cbc:UUID>
	<cbc:IssueDate>2016-09-27</cbc:IssueDate>
	<cbc:IssueTime>01:03:21</cbc:IssueTime>
	<cbc:InvoiceTypeCode listAgencyID="195" listAgencyName="CO, DIAN (Direccion de Impuestos y Aduanas Nacionales)" listSchemeURI="http://www.dian.gov.co/contratos/facturaelectronica/v1/InvoiceType">1</cbc:InvoiceTypeCode>
	<cbc:Note>
		Elemento /fe:Invoice/fe:AccountingSupplierParty/fe:Party/fe:PartyTaxScheme
		Elemento /fe:Invoice/fe:AccountingCustomerParty/fe:Party/fe:PartyTaxScheme
	</cbc:Note>
	<cbc:DocumentCurrencyCode>COP</cbc:DocumentCurrencyCode>
	<fe:AccountingSupplierParty>
		<cbc:AdditionalAccountID schemeName="tipos de personas; vendedor: una persona jurídica. Solo use el valor '1'" schemeDataURI="http://www.dian.gov.co/micrositios/fac_electronica/documentos/Anexo_Tecnico_001_Formatos_de_los_Documentos_XML_de_Facturacion_Electron.pdf">1</cbc:AdditionalAccountID>
		<fe:Party>
			<cac:PartyIdentification>
				<cbc:ID schemeAgencyID="195" schemeAgencyName="CO, DIAN (Direccion de Impuestos y Aduanas Nacionales)" schemeID="31">900373117</cbc:ID>
			</cac:PartyIdentification>
			<cac:PartyName>
				<cbc:Name>PJ - 900373117 - Adquiriente FE</cbc:Name>
			</cac:PartyName>
			<fe:PhysicalLocation>
				<fe:Address>
					<cbc:Department>Bolivar</cbc:Department>
					<cbc:CitySubdivisionName>Centro</cbc:CitySubdivisionName>
					<cbc:CityName>Pasa Caballos</cbc:CityName>
					<cac:AddressLine>
						<cbc:Line>	carrera 8 Nº 6C - 95</cbc:Line>
					</cac:AddressLine>
					<cac:Country>
						<cbc:IdentificationCode>CO</cbc:IdentificationCode>
					</cac:Country>
				</fe:Address>
			</fe:PhysicalLocation>
			<fe:PartyTaxScheme>
				<cbc:TaxLevelCode listSchemeURI="http://www.dian.gov.co/micrositios/fac_electronica/documentos/Anexo_Tecnico_001_Formatos_de_los_Documentos_XML_de_Facturacion_Electron.pdf" listName="Tipo de Régimen; " name="IVA Régimen Común">1</cbc:TaxLevelCode>
				<cac:TaxScheme>
					<cbc:Name>IVA Régimen Común</cbc:Name>
				</cac:TaxScheme>
			</fe:PartyTaxScheme>
			<fe:PartyTaxScheme>
				<cbc:TaxLevelCode listSchemeURI="http://www.dian.gov.co/micrositios/fac_electronica/documentos/Anexo_Tecnico_001_Formatos_de_los_Documentos_XML_de_Facturacion_Electron.pdf" listName="Tipos de Personas" name="Persona Jurídica">1</cbc:TaxLevelCode>
				<cac:TaxScheme>
					<cbc:Name>Persona Jurídica</cbc:Name>
				</cac:TaxScheme>
			</fe:PartyTaxScheme>
			<fe:PartyTaxScheme>
				<cbc:TaxLevelCode listSchemeURI="http://www.dian.gov.co/micrositios/fac_electronica/documentos/Anexo_Tecnico_001_Formatos_de_los_Documentos_XML_de_Facturacion_Electron.pdf" listName="Tipos de Personas" name="Gran Contribuyente">3</cbc:TaxLevelCode>
				<cac:TaxScheme>
					<cbc:Name>Gran Contribuyente</cbc:Name>
				</cac:TaxScheme>
			</fe:PartyTaxScheme>
			<fe:PartyTaxScheme>
				<cbc:TaxLevelCode listSchemeURI="http://www.dian.gov.co/micrositios/fac_electronica/documentos/Anexo_Tecnico_001_Formatos_de_los_Documentos_XML_de_Facturacion_Electron.pdf" listName="Tipos de Personas" name="Auto Retenedor">4</cbc:TaxLevelCode>
				<cac:TaxScheme>
					<cbc:Name>Auto Retenedor</cbc:Name>
				</cac:TaxScheme>
			</fe:PartyTaxScheme>
			<fe:PartyLegalEntity>
				<cbc:RegistrationName>PJ - 900373117</cbc:RegistrationName>
			</fe:PartyLegalEntity>
		</fe:Party>
	</fe:AccountingSupplierParty>
	<fe:AccountingCustomerParty>
		<cbc:AdditionalAccountID schemeName="tipos de personas; comprador: una persona natural. Solo use el valor '2'" schemeDataURI="http://www.dian.gov.co/micrositios/fac_electronica/documentos/Anexo_Tecnico_001_Formatos_de_los_Documentos_XML_de_Facturacion_Electron.pdf">2</cbc:AdditionalAccountID>
		<fe:Party>
			<cac:PartyIdentification>
				<cbc:ID schemeAgencyID="195" schemeAgencyName="CO, DIAN (Direccion de Impuestos y Aduanas Nacionales)" schemeID="22">11333666</cbc:ID>
			</cac:PartyIdentification>
			<fe:PhysicalLocation>
				<fe:Address>
					<cbc:Department>Santander</cbc:Department>
					<cbc:CitySubdivisionName>Centro</cbc:CitySubdivisionName>
					<cbc:CityName>Velez</cbc:CityName>
					<cac:AddressLine>
						<cbc:Line>	carrera 8 Nº 6C - 52</cbc:Line>
					</cac:AddressLine>
					<cac:Country>
						<cbc:IdentificationCode>CO</cbc:IdentificationCode>
					</cac:Country>
				</fe:Address>
			</fe:PhysicalLocation>
			<fe:PartyTaxScheme>
				<cbc:TaxLevelCode listName="tipos de personas; " name="Persona Natural" listSchemeURI="http://www.dian.gov.co/micrositios/fac_electronica/documentos/Anexo_Tecnico_001_Formatos_de_los_Documentos_XML_de_Facturacion_Electron.pdf">2</cbc:TaxLevelCode>
				<cac:TaxScheme>
					<cbc:Name>Persona Natural</cbc:Name>
				</cac:TaxScheme>
			</fe:PartyTaxScheme>
			<fe:Person>
				<cbc:FirstName>Primer-N</cbc:FirstName>
				<cbc:FamilyName>Apellido-11333666</cbc:FamilyName>
				<cbc:MiddleName>Segundo-N</cbc:MiddleName>
			</fe:Person>
		</fe:Party>
	</fe:AccountingCustomerParty>
	<cac:PaymentMeans>
		<cbc:ID>1002</cbc:ID>
		<cbc:PaymentMeansCode listURI="www.dian.gov.co tred4461paymentMean_fac-e.co.htm" name="54 Tarjeta crédito Pago con tarjeta." listName="4461 medios de pago">54
			<!--medio de pago-->
			<!-- 54 Tarjeta crédito Pago con tarjeta.
				55 Tarjeta débito Pago con tarjeta.-->
		</cbc:PaymentMeansCode>
		<cbc:PaymentDueDate>2016-11-27
			<!--fecha de vencimiento del pago-->
		</cbc:PaymentDueDate>
		<cbc:PaymentChannelCode listURI="http://000-24204z9.dian.loc:18016/e.g/tred4435paymentChannel_fac-e.co.htm" name="6: otros canales de transmisión" listName="4435 canales de pago">6
			<!--canal de pago-->
			<!-- http://000-24204z9.dian.loc:18016/e.g/tred4435paymentChannel_fac-e.co.htm; http://000-24204z9.dian.loc:18016/e.g/tred4461paymentMean_fac-e.co.htm-->
		</cbc:PaymentChannelCode>
	</cac:PaymentMeans>
	<cac:PaymentTerms>
		<cbc:ID schemeName="identificador de este fragmento; endPoint">PRUE9800067XX</cbc:ID>
		<cbc:PaymentMeansID schemeName="identificador / apuntador al 'medio de pago' relacionado. - Vea: /fe:Invoice/cac:PaymentMeans/cbc:ID">1002</cbc:PaymentMeansID>
		<cbc:Note>Pago en una cuota</cbc:Note>
		<cbc:ReferenceEventCode listURI="http://000-24204z9.dian.loc:18016/e.g/tred4279paymentTerms_fac-e.co.htm" name="3     Fecha fija. - Se fijó fecha de vencimiento." listName="4279 términos de pago">78
			<!--términos de pago-->
		</cbc:ReferenceEventCode>
	</cac:PaymentTerms>
	<fe:TaxTotal>
		<cbc:TaxAmount currencyID="COP">29036.16</cbc:TaxAmount>
		<cbc:TaxEvidenceIndicator>false</cbc:TaxEvidenceIndicator>
		<fe:TaxSubtotal>
			<cbc:TaxableAmount currencyID="COP">181476</cbc:TaxableAmount>
			<cbc:TaxAmount currencyID="COP">29036.16</cbc:TaxAmount>
			<cbc:Percent>16.0</cbc:Percent>
			<cac:TaxCategory>
				<cac:TaxScheme>
					<cbc:ID>01</cbc:ID>
				</cac:TaxScheme>
			</cac:TaxCategory>
		</fe:TaxSubtotal>
	</fe:TaxTotal>
	<fe:TaxTotal>
		<cbc:TaxAmount currencyID="COP">7513.1</cbc:TaxAmount>
		<cbc:TaxEvidenceIndicator>false</cbc:TaxEvidenceIndicator>
		<fe:TaxSubtotal>
			<cbc:TaxableAmount currencyID="COP">181476</cbc:TaxableAmount>
			<cbc:TaxAmount currencyID="COP">7513.1</cbc:TaxAmount>
			<cbc:Percent>4.14</cbc:Percent>
			<cac:TaxCategory>
				<cac:TaxScheme>
					<cbc:ID>03</cbc:ID>
				</cac:TaxScheme>
			</cac:TaxCategory>
		</fe:TaxSubtotal>
	</fe:TaxTotal>
	<fe:LegalMonetaryTotal>
		<cbc:LineExtensionAmount currencyID="COP">181476</cbc:LineExtensionAmount>
		<cbc:TaxExclusiveAmount currencyID="COP">36549.26</cbc:TaxExclusiveAmount>
		<cbc:PayableAmount currencyID="COP">218025.26</cbc:PayableAmount>
	</fe:LegalMonetaryTotal>
	<fe:InvoiceLine>
		<cbc:ID>1</cbc:ID>
		<cbc:InvoicedQuantity>852</cbc:InvoicedQuantity>
		<cbc:LineExtensionAmount currencyID="COP">181476</cbc:LineExtensionAmount>
		<fe:Item>
			<cbc:Description>Línea-1 PRUE980006782 fos0001_900373117_68a25_R9000000500017996-PRUE-A.bat_cufe</cbc:Description>
		</fe:Item>
		<fe:Price>
			<cbc:PriceAmount currencyID="COP">213</cbc:PriceAmount>
		</fe:Price>
	</fe:InvoiceLine>
</fe:Invoice>
