<?xml version="1.0" encoding="UTF-8" standalone="no"?>
<fe:Invoice xmlns:fe="http://www.dian.gov.co/contratos/facturaelectronica/v1" xmlns:cac="urn:oasis:names:specification:ubl:schema:xsd:CommonAggregateComponents-2" xmlns:cbc="urn:oasis:names:specification:ubl:schema:xsd:CommonBasicComponents-2" xmlns:clm54217="urn:un:unece:uncefact:codelist:specification:54217:2001" xmlns:clm66411="urn:un:unece:uncefact:codelist:specification:66411:2001" xmlns:clmIANAMIMEMediaType="urn:un:unece:uncefact:codelist:specification:IANAMIMEMediaType:2003" xmlns:ext="urn:oasis:names:specification:ubl:schema:xsd:CommonExtensionComponents-2" xmlns:qdt="urn:oasis:names:specification:ubl:schema:xsd:QualifiedDatatypes-2" xmlns:sts="http://www.dian.gov.co/contratos/facturaelectronica/v1/Structures" xmlns:udt="urn:un:unece:uncefact:data:specification:UnqualifiedDataTypesSchemaModule:2" xmlns:xsi="http://www.w3.org/2001/XMLSchema-instance" xsi:schemaLocation="http://www.dian.gov.co/contratos/facturaelectronica/v1 http://factura.today/XSD/r0/DIAN_UBL.xsd">
	<ext:UBLExtensions>
		<ext:UBLExtension>
			<ext:ExtensionAgencyName>DIAN</ext:ExtensionAgencyName>
			<ext:ExtensionReason>Adquirente consumidor final. - OFE: mandatario, y el mandante es un prestador de servicios electrónicos o digitales desde el exterior</ext:ExtensionReason>
			<ext:ExtensionContent>
				<retencionIVA>
					<!--fragmento informativo-->
					<fe:Party>
						<cac:PartyIdentification>
							<cbc:Id schemeID="31">900398765</cbc:Id>
						</cac:PartyIdentification>
					</fe:Party>
					<fe:TaxTotal>
						<cbc:TaxAmount currencyID="USD">29036.00<!--valor a declarar y pagar--></cbc:TaxAmount>
						<cbc:TaxEvidenceIndicator>true<!--aplica para el consumidor de los servicios--></cbc:TaxEvidenceIndicator>
						<cbc:Note>No puede aplicarse lo previsto en Retención; Par.1 Art. 437-1, #8 Art. 437-2 del E.T.; reteIVA-100% </cbc:Note>
						<cbc:Note>Prestador desde el exterior de servicios electrónicos o digitales</cbc:Note>
						<cbc:Note>Será declarado y pagado por el OFE en el formulario 310XX</cbc:Note>
						<cbc:Note>Si el pago se realiza con Tarjeta de Crédito, entonces se aplicará Par.2 Art. 437-1, #5 Art. 437-2 del E.T.; reteIVA-100%</cbc:Note>
						<fe:TaxSubtotal>
							<cac:TaxCategory>
								<cbc:Name>Retención; Par.1 Art. 437-1, #8 Art. 437-2 del E.T.; reteIVA-100%</cbc:Name>
								<cbc:TierRatePercent>100.00</cbc:TierRatePercent>
								<cac:TaxScheme>
									<cbc:ID schemeName="código impuesto">01</cbc:ID>
									<cbc:Name>IVA</cbc:Name>
								</cac:TaxScheme>
							</cac:TaxCategory>
						</fe:TaxSubtotal>
					</fe:TaxTotal>
				</retencionIVA>
			</ext:ExtensionContent>
		</ext:UBLExtension>
		<ext:UBLExtension>
			<ext:ExtensionContent>
				<sts:DianExtensions>
					<sts:InvoiceControl>
						<sts:InvoiceAuthorization>9000000500017996</sts:InvoiceAuthorization>
						<sts:AuthorizationPeriod>
							<cbc:StartDate>2016-07-12</cbc:StartDate>
							<cbc:EndDate>2026-07-10</cbc:EndDate>
						</sts:AuthorizationPeriod>
						<sts:AuthorizedInvoices>
							<sts:Prefix>PRUE</sts:Prefix>
							<sts:From>980000000</sts:From>
							<sts:To>985000000</sts:To>
						</sts:AuthorizedInvoices>
					</sts:InvoiceControl>
					<sts:InvoiceSource>
						<cbc:IdentificationCode listAgencyID="6" listAgencyName="United Nations Economic Commission for Europe" listSchemeURI="urn:oasis:names:specification:ubl:codelist:gc:CountryIdentificationCode-2.0">CO</cbc:IdentificationCode>
					</sts:InvoiceSource>
					<sts:SoftwareProvider>
						<sts:ProviderID schemeAgencyID="195" schemeAgencyName="CO, DIAN (Direccion de Impuestos y Aduanas Nacionales)">900373117</sts:ProviderID>
						<sts:SoftwareID schemeAgencyID="195" schemeAgencyName="CO, DIAN (Direccion de Impuestos y Aduanas Nacionales)">68a25060-9b36-488c-ac92-c4a873449fbf</sts:SoftwareID>
					</sts:SoftwareProvider>
					<sts:SoftwareSecurityCode schemeAgencyID="195" schemeAgencyName="CO, DIAN (Direccion de Impuestos y Aduanas Nacionales)">33d73a9f92f5afb5017a78973f9d646daf46343010f66f35f21bb9bc77d237e74080e1c2867d4ef2bd77993b62929d5d</sts:SoftwareSecurityCode>
				</sts:DianExtensions>
			</ext:ExtensionContent>
		</ext:UBLExtension>
	</ext:UBLExtensions>
	<cbc:UBLVersionID>UBL 2.0</cbc:UBLVersionID>
	<cbc:CustomizationID schemeName="OFE: agente de 'AM Insurance' /fe:Invoice/cac:SellerSupplierParty/cac:Party/cac:PartyName/cbc:Name - Prestador desde el exterior de servicios electrónicos o digitales; Adquirente: consumidor final"/>
	<cbc:ProfileID>DIAN 1.0</cbc:ProfileID>
	<cbc:ID>PRUE980006782</cbc:ID>
	<cbc:UUID schemeAgencyID="195" schemeAgencyName="CO, DIAN (Direccion de Impuestos y Aduanas Nacionales)">a9aeac510ccf8b4e860798c730a5e2683c30915e</cbc:UUID>
	<cbc:IssueDate>2019-09-27</cbc:IssueDate>
	<cbc:IssueTime>01:03:21</cbc:IssueTime>
	<cbc:InvoiceTypeCode listAgencyID="195" listAgencyName="CO, DIAN (Direccion de Impuestos y Aduanas Nacionales)" listSchemeURI="http://www.dian.gov.co/contratos/facturaelectronica/v1/InvoiceType">1</cbc:InvoiceTypeCode>
	<cbc:Note>Set de pruebas =  </cbc:Note>
	<cbc:Note>
		Elemento /fe:Invoice/fe:AccountingSupplierParty/fe:Party/fe:PartyTaxScheme
		Elemento /fe:Invoice/fe:AccountingCustomerParty/fe:Party/fe:PartyTaxScheme
	</cbc:Note>
	<cbc:DocumentCurrencyCode>COP</cbc:DocumentCurrencyCode>
	<fe:AccountingSupplierParty>
		<cbc:AdditionalAccountID schemeName="tipos de personas; vendedor: una persona jurídica. Solo use el valor '1'" schemeDataURI="http://www.dian.gov.co Factura Electrónica Anexo-1">1</cbc:AdditionalAccountID>
		<fe:Party>
			<cac:PartyIdentification>
				<cbc:ID schemeAgencyID="195" schemeAgencyName="CO, DIAN (Direccion de Impuestos y Aduanas Nacionales)" schemeID="31">900373117</cbc:ID>
			</cac:PartyIdentification>
			<cac:PartyName>
				<cbc:Name>PJ - 900373117 - OFE</cbc:Name>
			</cac:PartyName>
			<fe:PhysicalLocation>
				<fe:Address>
					<cbc:Department>Bolivar</cbc:Department>
					<cbc:CitySubdivisionName>Centro</cbc:CitySubdivisionName>
					<cbc:CityName>Pasa Caballos</cbc:CityName>
					<cac:AddressLine>
						<cbc:Line>	carrera 8 Nº 6C - 95</cbc:Line>
					</cac:AddressLine>
					<cac:Country>
						<cbc:IdentificationCode>CO</cbc:IdentificationCode>
					</cac:Country>
				</fe:Address>
			</fe:PhysicalLocation>
			<fe:PartyTaxScheme>
				<cbc:TaxLevelCode listSchemeURI="http://www.dian.gov.co/micrositios/fac_electronica/documentos/Anexo_Tecnico_001_Formatos_de_los_Documentos_XML_de_Facturacion_Electron.pdf" listName="Tipo de Régimen; " name="IVA Régimen Común">1</cbc:TaxLevelCode>
				<cac:TaxScheme>
					<cbc:Name>IVA Régimen Común</cbc:Name>
				</cac:TaxScheme>
			</fe:PartyTaxScheme>
			<fe:PartyTaxScheme>
				<cbc:TaxLevelCode listSchemeURI="http://www.dian.gov.co/micrositios/fac_electronica/documentos/Anexo_Tecnico_001_Formatos_de_los_Documentos_XML_de_Facturacion_Electron.pdf" listName="Tipos de Personas" name="Persona Jurídica">1</cbc:TaxLevelCode>
				<cac:TaxScheme>
					<cbc:Name>Persona Jurídica</cbc:Name>
				</cac:TaxScheme>
			</fe:PartyTaxScheme>
			<fe:PartyTaxScheme>
				<cbc:TaxLevelCode listSchemeURI="http://www.dian.gov.co Factura Electrónica Anexo-1" listName="Representación" name="Apoderado especial">R-06-PJ</cbc:TaxLevelCode>
				<cac:TaxScheme>
					<cbc:Name>Apoderado especial PJ: : persona que acepta el mandato de uno o más negocios especialmente determinados.					
					</cbc:Name>
				</cac:TaxScheme>
			</fe:PartyTaxScheme>
			<fe:PartyLegalEntity>
				<cbc:RegistrationName>PJ - 900373117</cbc:RegistrationName>
				<cbc:CompanyID schemeName="Matrícula Mercantil">234567891</cbc:CompanyID>
			</fe:PartyLegalEntity>
		</fe:Party>
	</fe:AccountingSupplierParty>
	<fe:AccountingCustomerParty>
		<cbc:AdditionalAccountID schemeName="tipos de personas; vendedor: una persona jurídica. Solo use el valor '1'" schemeDataURI="http://www.dian.gov.co/micrositios/fac_electronica/documentos/Anexo_Tecnico_001_Formatos_de_los_Documentos_XML_de_Facturacion_Electron.pdf">1</cbc:AdditionalAccountID>
		<fe:Party>
			<cac:PartyIdentification>
				<cbc:ID schemeAgencyID="195" schemeAgencyName="CO, DIAN (Direccion de Impuestos y Aduanas Nacionales)" schemeID="31">900398765</cbc:ID>
			</cac:PartyIdentification>
			<cac:PartyName>
				<cbc:Name>La Tienda del Adquirente OFE</cbc:Name>
			</cac:PartyName>
			<fe:PhysicalLocation>
				<fe:Address>
					<cbc:CityName>San Gil</cbc:CityName>
					<cbc:CountrySubentity>Santander</cbc:CountrySubentity>
					<cac:AddressLine>
						<cbc:Line>calle 18 Nº 6W - 95</cbc:Line>
					</cac:AddressLine>
					<cac:Country>
						<cbc:IdentificationCode>CO</cbc:IdentificationCode>
					</cac:Country>
				</fe:Address>
			</fe:PhysicalLocation>
			<fe:PartyTaxScheme>
				<cbc:TaxLevelCode listSchemeURI="http://www.dian.gov.co Factura Electrónica Anexo-1" listName="Tipo de Régimen; " name="IVA Régimen Común">1</cbc:TaxLevelCode>
				<cac:TaxScheme>
					<cbc:Name>IVA Régimen Común</cbc:Name>
				</cac:TaxScheme>
			</fe:PartyTaxScheme>
			<fe:PartyTaxScheme>
				<cbc:TaxLevelCode listSchemeURI="http://www.dian.gov.co Factura Electrónica Anexo-1" listName="Tipos de Personas" name="Persona Jurídica">1</cbc:TaxLevelCode>
				<cac:TaxScheme>
					<cbc:Name>Persona Jurídica</cbc:Name>
				</cac:TaxScheme>
			</fe:PartyTaxScheme>
			<fe:PartyTaxScheme>
				<cbc:TaxLevelCode listSchemeURI="http://www.dian.gov.co Factura Electrónica Anexo-1" listName="Responsabilidad" name="ReteIVA">O-09</cbc:TaxLevelCode>
				<cac:TaxScheme>
					<cbc:Name>O-09 Retención en la fuente en el impuesto sobre las ventas</cbc:Name>
				</cac:TaxScheme>
			</fe:PartyTaxScheme>
			<fe:PartyLegalEntity>
				<cbc:RegistrationName>PJ - 900398765</cbc:RegistrationName>
				<cbc:CompanyID schemeName="Matrícula Mercantil" schemeAgencyName="Cámara de Comercio de Bogotá">987654321</cbc:CompanyID>
			</fe:PartyLegalEntity>
		</fe:Party>
	</fe:AccountingCustomerParty>
	<cac:PayeeParty>
		<cac:PartyIdentification>
			<cbc:ID schemeName="Internationall ID">AMI</cbc:ID>
		</cac:PartyIdentification>
	</cac:PayeeParty>
	<cac:SellerSupplierParty>
		<cac:Party>
			<cac:PartyIdentification>
				<cbc:ID schemeName="International ID">AMI</cbc:ID>
			</cac:PartyIdentification>
			<cac:PartyName>
				<cbc:Name>AM Insurance</cbc:Name>
			</cac:PartyName>
			<cac:PostalAddress>
				<cbc:CityName>London</cbc:CityName>
				<cac:Country>
					<cbc:Name>UK</cbc:Name>
				</cac:Country>
			</cac:PostalAddress>
			<cac:PartyTaxScheme>
				<cac:TaxScheme>
					<cbc:Name>Prestador desde el exterior de servicios electrónicos o digitales</cbc:Name>
					<cbc:TaxTypeCode>
						<!--indeterminado-->
					</cbc:TaxTypeCode>
					<cbc:CurrencyCode>USD</cbc:CurrencyCode>
					<cac:JurisdictionRegionAddress>
						<cbc:Region>Internacional</cbc:Region>
					</cac:JurisdictionRegionAddress>
				</cac:TaxScheme>
			</cac:PartyTaxScheme>
			<cac:AgentParty>
				<cac:PartyIdentification>
					<cbc:ID schemeAgencyID="195" schemeAgencyName="CO, DIAN (Direccion de Impuestos y Aduanas Nacionales)" schemeID="31">900373117</cbc:ID>
				</cac:PartyIdentification>
			</cac:AgentParty>
		</cac:Party>
	</cac:SellerSupplierParty>
	<cac:PaymentMeans>
		<cbc:ID>1002</cbc:ID>
		<cbc:PaymentMeansCode listURI="www.dian.gov.co tred4461paymentMean_fac-e.co.htm" name="56 Bankgiro El pago será, o ha sido, hecho por giro bancario." listName="4461 medios de pago">56
<!--medio de pago-->
		</cbc:PaymentMeansCode>
		<cbc:PaymentDueDate>2016-11-27
<!--fecha de vencimiento del pago-->
		</cbc:PaymentDueDate>
		<cbc:PaymentChannelCode listURI="http://000-24204z9.dian.loc:18016/e.g/tred4435paymentChannel_fac-e.co.htm" name="6: otros canales de transmisión" listName="4435 canales de pago">6
<!--canal de pago-->
			<!-- http://000-24204z9.dian.loc:18016/e.g/tred4435paymentChannel_fac-e.co.htm; http://000-24204z9.dian.loc:18016/e.g/tred4461paymentMean_fac-e.co.htm-->
		</cbc:PaymentChannelCode>
		<cbc:InstructionID schemeName="identificador de las instrucciones" schemeDataURI="http://www.empresa.com/listaInstruccionesCodificadas.html">ABC000X</cbc:InstructionID>
		<cbc:InstructionNote>Pago por Dimonex</cbc:InstructionNote>
		<cbc:InstructionNote/>
		<cac:CreditAccount>
			<cbc:AccountID>
				<!--identificador del crédito asignado al /fe:Invoice/fe:AccountingCustomerParty/fe:Party/cac:PartyIdentification[1]/cbc:ID; necesario para identificar la cuenta destino del Pago -->
			</cbc:AccountID>
		</cac:CreditAccount>
	</cac:PaymentMeans>
	<cac:PaymentTerms>
		<cbc:ID schemeName="identificador de este fragmento; endPoint">PRUE9800067XX</cbc:ID>
		<cbc:PaymentMeansID schemeName="identificador / apuntador al 'medio de pago' relacionado. - Vea: /fe:Invoice/cac:PaymentMeans/cbc:ID">1002</cbc:PaymentMeansID>
		<cbc:Note>Pago en una cuota</cbc:Note>
		<cbc:ReferenceEventCode listURI="http://000-24204z9.dian.loc:18016/e.g/tred4279paymentTerms_fac-e.co.htm" name="3     Fecha fija. - Se fijó fecha de vencimiento." listName="4279 términos de pago">78
<!--términos de pago-->
		</cbc:ReferenceEventCode>
	</cac:PaymentTerms>
	<cac:PaymentExchangeRate>
		<cbc:SourceCurrencyCode>USD</cbc:SourceCurrencyCode>
		<cbc:SourceCurrencyBaseRate>1.00</cbc:SourceCurrencyBaseRate>
		<cbc:TargetCurrencyCode>COP</cbc:TargetCurrencyCode>
		<cbc:TargetCurrencyBaseRate>3001.55</cbc:TargetCurrencyBaseRate>
		<cbc:CalculationRate>0.00</cbc:CalculationRate>
		<cbc:Date>2018-08-09</cbc:Date>
	</cac:PaymentExchangeRate>
	<fe:TaxTotal>
		<cbc:TaxAmount currencyID="USD">34480.44</cbc:TaxAmount>
		<cbc:TaxEvidenceIndicator>false</cbc:TaxEvidenceIndicator>
		<fe:TaxSubtotal>
			<cbc:TaxableAmount currencyID="USD">181476.00</cbc:TaxableAmount>
			<cbc:TaxAmount currencyID="USD">34480.44</cbc:TaxAmount>
			<cbc:Percent>19.00</cbc:Percent>
			<cac:TaxCategory>
				<cac:TaxScheme>
					<cbc:ID schemeURI="www.dian.gov.co Factura Electrónica Anexo-1">01</cbc:ID>
					<cbc:Name>IVA</cbc:Name>
				</cac:TaxScheme>
			</cac:TaxCategory>
		</fe:TaxSubtotal>
	</fe:TaxTotal>
	<fe:LegalMonetaryTotal>
		<cbc:LineExtensionAmount currencyID="USD">181476.00</cbc:LineExtensionAmount>
		<cbc:TaxExclusiveAmount currencyID="USD">181476.00</cbc:TaxExclusiveAmount>
		<cbc:PayableAmount currencyID="USD">215956.44</cbc:PayableAmount>
	</fe:LegalMonetaryTotal>
	<fe:InvoiceLine>
		<cbc:ID>1</cbc:ID>
		<cbc:InvoicedQuantity>1</cbc:InvoicedQuantity>
		<cbc:LineExtensionAmount currencyID="USD">181476.00</cbc:LineExtensionAmount>
		<cac:TaxTotal>
			<cbc:TaxAmount currencyID="USD">34480.44</cbc:TaxAmount>
			<cac:TaxSubtotal>
				<cbc:TaxableAmount currencyID="USD">181476.00</cbc:TaxableAmount>
				<cbc:TaxAmount currencyID="USD">34480.44</cbc:TaxAmount>
				<cac:TaxCategory>
					<cbc:Percent>19.00</cbc:Percent>
					<cac:TaxScheme>
						<cbc:ID schemeURI="www.dian.gov.co Factura Electronica Anexo-1">01</cbc:ID>
						<cbc:Name>IVA</cbc:Name>
					</cac:TaxScheme>
				</cac:TaxCategory>
			</cac:TaxSubtotal>
		</cac:TaxTotal>
		<fe:Item>
			<cbc:Description>Servicios digitales de televisión</cbc:Description>
			<cac:StandardItemIdentification>
				<cbc:ID schemeName="Programa">Humor-001</cbc:ID>
			</cac:StandardItemIdentification>
			<cac:AdditionalItemIdentification>
				<cbc:ID schemeName="Promoción">Prom-01050</cbc:ID>
			</cac:AdditionalItemIdentification>
		</fe:Item>
		<fe:Price>
			<cbc:PriceAmount currencyID="USD">181476.00</cbc:PriceAmount>
		</fe:Price>
	</fe:InvoiceLine>
</fe:Invoice>
<!--
D:\httpd_fac-e_data4Test\htdocs\e.g\Invoice__AdditionalAccountID_A_lst.html
http://www.secretariasenado.gov.co/senado/basedoc/estatuto_tributario_pr017.html#437-1
http://www.secretariasenado.gov.co/senado/basedoc/estatuto_tributario_pr019.html#437-1
https://actualicese.com/actualidad/2017/01/05/tarifa-general-de-retencion-a-titulo-de-iva-reteiva-continuara-en-15-para-2017/
-->
