﻿<?xml version="1.0" encoding="UTF-8" standalone="no" ?>
<fe:Invoice xmlns:fe="http://www.dian.gov.co/contratos/facturaelectronica/v1"	xmlns:cac="urn:oasis:names:specification:ubl:schema:xsd:CommonAggregateComponents-2"	xmlns:cbc="urn:oasis:names:specification:ubl:schema:xsd:CommonBasicComponents-2"	xmlns:clm54217="urn:un:unece:uncefact:codelist:specification:54217:2001"	xmlns:clm66411="urn:un:unece:uncefact:codelist:specification:66411:2001"	xmlns:clmIANAMIMEMediaType="urn:un:unece:uncefact:codelist:specification:IANAMIMEMediaType:2003"	xmlns:ext="urn:oasis:names:specification:ubl:schema:xsd:CommonExtensionComponents-2"	xmlns:qdt="urn:oasis:names:specification:ubl:schema:xsd:QualifiedDatatypes-2"	xmlns:sts="http://www.dian.gov.co/contratos/facturaelectronica/v1/Structures"	xmlns:udt="urn:un:unece:uncefact:data:specification:UnqualifiedDataTypesSchemaModule:2"	xmlns:xsi="http://www.w3.org/2001/XMLSchema-instance"	xsi:schemaLocation="http://www.dian.gov.co/contratos/facturaelectronica/v1 ../xsd/DIAN_UBL.xsd urn:un:unece:uncefact:data:specification:UnqualifiedDataTypesSchemaModule:2 ../../ubl2/common/UnqualifiedDataTypeSchemaModule-2.0.xsd urn:oasis:names:specification:ubl:schema:xsd:QualifiedDatatypes-2 ../../ubl2/common/UBL-QualifiedDatatypes-2.0.xsd">
	<ext:UBLExtensions>
		<ext:UBLExtension>
			<ext:ExtensionContent>
				<sts:DianExtensions>
					<sts:InvoiceControl>
						<sts:InvoiceAuthorization>9000000122817264</sts:InvoiceAuthorization>
						<sts:AuthorizationPeriod>
							<cbc:StartDate>2017-04-27</cbc:StartDate>
							<cbc:EndDate>2027-04-27</cbc:EndDate>
						</sts:AuthorizationPeriod>
						<sts:AuthorizedInvoices>
							<sts:Prefix>PRUE</sts:Prefix>
							<sts:From>980000000</sts:From>
							<sts:To>985000000</sts:To>
						</sts:AuthorizedInvoices>
					</sts:InvoiceControl>
					<sts:InvoiceSource>
						<cbc:IdentificationCode listAgencyID="6" listAgencyName="United Nations Economic Commission for Europe" listSchemeURI="urn:oasis:names:specification:ubl:codelist:gc:CountryIdentificationCode2.0">CO</cbc:IdentificationCode>
					</sts:InvoiceSource>
					<sts:SoftwareProvider>
						<sts:ProviderID schemeAgencyID="195" schemeAgencyName="CO, DIAN (Direccion de Impuestos y Aduanas Nacionales)">901037591</sts:ProviderID>
						<sts:SoftwareID schemeAgencyID="195" schemeAgencyName="CO, DIAN (Direccion de Impuestos y Aduanas Nacionales)">89ce233f-6c0d-47a9-bf18-32ece3bcac95</sts:SoftwareID>
					</sts:SoftwareProvider>
					<sts:SoftwareSecurityCode schemeAgencyID="195" schemeAgencyName="CO, DIAN (Direccion de Impuestos y Aduanas Nacionales)"/>
					<sts:AdditionalMonetaryTotal>
						<cbc:InvoiceTotalLocalCurrencyAmount>19545.00</cbc:InvoiceTotalLocalCurrencyAmount>
					</sts:AdditionalMonetaryTotal>
				</sts:DianExtensions>
			</ext:ExtensionContent>
		</ext:UBLExtension>
	</ext:UBLExtensions>
	<cbc:UBLVersionID>UBL 2.0</cbc:UBLVersionID>
	<cbc:ProfileID>DIAN 1.0</cbc:ProfileID>
	<cbc:ID>PRUE980000920</cbc:ID>
	<cbc:UUID schemeAgencyID="195" schemeAgencyName="CO, DIAN (Direccion de Impuestos y Aduanas Nacionales)"/>
	<cbc:IssueDate>2017-08-23</cbc:IssueDate>
	<cbc:IssueTime>10:03:07</cbc:IssueTime>
	<cbc:InvoiceTypeCode listAgencyID="195" listAgencyName="CO, DIAN (Direccion de Impuestos y Aduanas Nacionales)" listSchemeURI="http://www.dian.gov.co/contratos/facturaelectronica/v1/InvoiceType">3</cbc:InvoiceTypeCode>
	<cbc:Note>TARIFA DE ICA 11,04XMIL CIIU 4659 ACTIVIDAD PRINCIPAL O 9,66XMIL CIIU 7123 ACTIVIDAD SECUNDARIA ESTA FACTURA CUMPLE CON LO DISPUESTO EN EL ART.617 DEL ESTATUTO TRIBUTARIO SOMOS AUTORETENEDORES SEGÚN RESOLUCIÓN 0286 DE MARZO 16/89. FAVOR ABSTENERSE DE PRACTICAR RETENCIÓN EN LA FUENTE SOMOS GRANDES CONTRIBUYENTE RESOLUCION N° 000041 DEL 30 ENERO DE 2014, FAVOR ABTENESE DE APLICAR RETENCION DE IVA, INDUSTRIA Y COMERCIO, Y SOBRE EL IMP DE RENTA PARA LA EQUIDAD CREE. RESPONSABLE DEL IVA EN EL RÉGIMEN COMÚN, REGISTRO NO. 03065111 EL NO PAGO OPORTUNO GENERA INTERESES DE MORA A LA TASA MÁXIMA PERMITIDA POR LA LEY. FAVOR CANCELAR CON CHEQUE CRUZADO A NOMBRE DE DELEUR COLOMBIA SASEstos productos fueron autorizados a ser exportados de los Estados Unidos, bajo procedimiento de la licencia especial de distribución con la condición de que no pueden ser RE-EXPORTADOS sin previa aprobación de las autoridades de los Estados Unidos	</cbc:Note>
	<cbc:Note>Esto es una prueba de funcionamiento de la nota 2</cbc:Note>
	<cbc:Note>T.R.M. DE 3070.00 PRUEBA CLIENTE DISPAPELES	</cbc:Note>
	<cbc:DocumentCurrencyCode>EUR</cbc:DocumentCurrencyCode>
	<cac:ContractDocumentReference>
		<cbc:ID>MTI-2017558</cbc:ID>
	</cac:ContractDocumentReference>
	<fe:AccountingSupplierParty>
		<cbc:AdditionalAccountID>1</cbc:AdditionalAccountID>
		<fe:Party>
			<cac:PartyIdentification>
				<cbc:ID schemeAgencyID="195" schemeAgencyName="CO, DIAN (Direccion de Impuestos y Aduanas Nacionales)" schemeID="31">901037591</cbc:ID>
			</cac:PartyIdentification>
			<cac:PartyName>
				<cbc:Name>APG CONSULTING - 901037591</cbc:Name>
			</cac:PartyName>
			<fe:PhysicalLocation>
				<fe:Address>
					<cbc:Department>BOGOTÁ</cbc:Department>
					<cbc:CitySubdivisionName/>
					<cbc:CityName>Bogotá D.C</cbc:CityName>
					<cac:AddressLine>
						<cbc:Line>Calle 18 No. 32-90</cbc:Line>
					</cac:AddressLine>
					<cac:Country>
						<cbc:IdentificationCode>CO</cbc:IdentificationCode>
					</cac:Country>
				</fe:Address>
			</fe:PhysicalLocation>
			<fe:PartyTaxScheme>
				<cbc:TaxLevelCode>2</cbc:TaxLevelCode>
				<cac:TaxScheme />
			</fe:PartyTaxScheme>
			<fe:PartyLegalEntity>
				<cbc:RegistrationName>DELEUR COLOMBIA S A S - 860028581</cbc:RegistrationName>
			</fe:PartyLegalEntity>
		</fe:Party>
	</fe:AccountingSupplierParty>
	<fe:AccountingCustomerParty>
		<cbc:AdditionalAccountID>1</cbc:AdditionalAccountID>
		<fe:Party>
			<cac:PartyIdentification>
				<cbc:ID schemeAgencyID="195" schemeAgencyName="CO, DIAN (Direccion de Impuestos y Aduanas Nacionales)" schemeID="31">860028580</cbc:ID>
			</cac:PartyIdentification>
			<fe:PhysicalLocation>
				<fe:Address>
					<cbc:Department>BOGOTÁ</cbc:Department>
					<cbc:CitySubdivisionName/>
					<cbc:CityName>BOGOTÁ</cbc:CityName>
					<cac:AddressLine>
						<cbc:Line>CL 103  69 53</cbc:Line>
					</cac:AddressLine>
					<cac:Country>
						<cbc:IdentificationCode>CO</cbc:IdentificationCode>
					</cac:Country>
				</fe:Address>
			</fe:PhysicalLocation>
			<fe:PartyTaxScheme>
				<cbc:TaxLevelCode>2</cbc:TaxLevelCode>
				<cac:TaxScheme />
			</fe:PartyTaxScheme>
			<fe:PartyLegalEntity>
				<cbc:RegistrationName>DISPAPELES S.A. - 860028580</cbc:RegistrationName>
			</fe:PartyLegalEntity>
		</fe:Party>
	</fe:AccountingCustomerParty>
	<cac:PaymentMeans>
		<cbc:PaymentMeansCode>41</cbc:PaymentMeansCode>
		<cbc:PaymentDueDate>2017-08-29</cbc:PaymentDueDate>
	</cac:PaymentMeans>
	<fe:AllowanceCharge>
		<cbc:ChargeIndicator>false</cbc:ChargeIndicator>	
		<cbc:MultiplierFactorNumeric>1</cbc:MultiplierFactorNumeric>
		<cbc:Amount currencyID="EUR">36840.00</cbc:Amount>
	</fe:AllowanceCharge>
	<cac:PaymentExchangeRate>
		<cbc:SourceCurrencyCode>EUR</cbc:SourceCurrencyCode>
		<cbc:TargetCurrencyCode>EUR</cbc:TargetCurrencyCode>
		<cbc:CalculationRate>3000</cbc:CalculationRate>
	</cac:PaymentExchangeRate>
	<fe:TaxTotal>
		<cbc:TaxAmount currencyID="EUR">2136009.00</cbc:TaxAmount>
		<cbc:TaxEvidenceIndicator>false</cbc:TaxEvidenceIndicator>
		<fe:TaxSubtotal>
			<cbc:TaxableAmount currencyID="EUR">11242153.00</cbc:TaxableAmount>
			<cbc:TaxAmount currencyID="EUR">2136009.00</cbc:TaxAmount>
			<cbc:Percent>19</cbc:Percent>
			<cac:TaxCategory>
				<cac:TaxScheme>
					<cbc:ID>01</cbc:ID>
				</cac:TaxScheme>
			</cac:TaxCategory>
		</fe:TaxSubtotal>
	</fe:TaxTotal>
	<fe:LegalMonetaryTotal>
		<cbc:LineExtensionAmount currencyID="EUR">11242153.00</cbc:LineExtensionAmount>
		<cbc:TaxExclusiveAmount currencyID="EUR">2136009.00</cbc:TaxExclusiveAmount>
		<cbc:PayableAmount currencyID="EUR">13378162.00</cbc:PayableAmount>
	</fe:LegalMonetaryTotal>
	<fe:InvoiceLine>
		<cbc:ID>1</cbc:ID>
		<cbc:InvoicedQuantity>1121212</cbc:InvoicedQuantity>
		<cbc:LineExtensionAmount currencyID="EUR">11189695.76</cbc:LineExtensionAmount>
		<fe:Item>
			<cbc:Description>CLICK IMPRESION BYN</cbc:Description>
			<cac:ManufacturersItemIdentification>
				<cbc:ID>ZC00163</cbc:ID>
			</cac:ManufacturersItemIdentification>
			<cac:AdditionalItemProperty>
				<cbc:Name>PERIODO DE SERVICIO</cbc:Name>
				<cbc:Value>2017-05-04</cbc:Value>
			</cac:AdditionalItemProperty>
			<cac:AdditionalItemProperty>
				<cbc:Name>CANTIDAD DE EQUIPOS</cbc:Name>
				<cbc:Value>0</cbc:Value>
			</cac:AdditionalItemProperty>
		</fe:Item>
		<fe:Price>
			<cbc:PriceAmount currencyID="EUR">9.98</cbc:PriceAmount>
		</fe:Price>
	</fe:InvoiceLine>
	<fe:InvoiceLine>
		<cbc:ID>2</cbc:ID>
		<cbc:InvoicedQuantity>15</cbc:InvoicedQuantity>
		<cbc:LineExtensionAmount currencyID="EUR">92100.00</cbc:LineExtensionAmount>
		<fe:Item>
			<cbc:Description>PAPEL OFICIO</cbc:Description>
			<cac:ManufacturersItemIdentification>
				<cbc:ID>ZC00170</cbc:ID>
			</cac:ManufacturersItemIdentification>
			<cac:AdditionalItemProperty>
				<cbc:Name>PERIODO DE SERVICIO</cbc:Name>
				<cbc:Value>2017-05-04</cbc:Value>
			</cac:AdditionalItemProperty>
			<cac:AdditionalItemProperty>
				<cbc:Name>CANTIDAD DE EQUIPOS</cbc:Name>
				<cbc:Value>0</cbc:Value>
			</cac:AdditionalItemProperty>
		</fe:Item>
		<fe:Price>
			<cbc:PriceAmount currencyID="EUR">6140.00</cbc:PriceAmount>
		</fe:Price>
	</fe:InvoiceLine>
</fe:Invoice>