<?xml version="1.0" encoding="UTF-8" standalone="no"?>
<fe:Invoice xmlns:fe="http://www.dian.gov.co/contratos/facturaelectronica/v1" xmlns:cac="urn:oasis:names:specification:ubl:schema:xsd:CommonAggregateComponents-2" xmlns:cbc="urn:oasis:names:specification:ubl:schema:xsd:CommonBasicComponents-2" xmlns:clm54217="urn:un:unece:uncefact:codelist:specification:54217:2001" xmlns:clm66411="urn:un:unece:uncefact:codelist:specification:66411:2001" xmlns:clmIANAMIMEMediaType="urn:un:unece:uncefact:codelist:specification:IANAMIMEMediaType:2003" xmlns:ext="urn:oasis:names:specification:ubl:schema:xsd:CommonExtensionComponents-2" xmlns:qdt="urn:oasis:names:specification:ubl:schema:xsd:QualifiedDatatypes-2" xmlns:sts="http://www.dian.gov.co/contratos/facturaelectronica/v1/Structures" xmlns:udt="urn:un:unece:uncefact:data:specification:UnqualifiedDataTypesSchemaModule:2" xmlns:xsi="http://www.w3.org/2001/XMLSchema-instance" xsi:schemaLocation="http://www.dian.gov.co/contratos/facturaelectronica/v1 http://000-242o4z9.dian.loc:8016/xsdPropuesto/xsd/DIAN_UBL_v1_0_foc.xsd urn:un:unece:uncefact:data:specification:UnqualifiedDataTypesSchemaModule:2 http://000-242o4z9.dian.loc:8016/ubl2/common/UnqualifiedDataTypeSchemaModule-2.0.xsd urn:oasis:names:specification:ubl:schema:xsd:QualifiedDatatypes-2 http://000-242o4z9.dian.loc:8016/ubl2/common/UBL-QualifiedDatatypes-2.0.xsd">
	<ext:UBLExtensions>
		<ext:UBLExtension>
			<ext:ExtensionContent>
				<sts:DianExtensions>
					<sts:InvoiceControl>
						<sts:InvoiceAuthorization>000001</sts:InvoiceAuthorization>
						<sts:AuthorizationPeriod>
							<cbc:StartDate>2014-01-04</cbc:StartDate>
							<cbc:EndDate>2016-01-04</cbc:EndDate>
						</sts:AuthorizationPeriod>
						<sts:AuthorizedInvoices>
							<sts:Prefix>81</sts:Prefix>
							<sts:From>10007869</sts:From>
							<sts:To>19999999</sts:To>
						</sts:AuthorizedInvoices>
					</sts:InvoiceControl>
					<sts:InvoiceSource>
						<cbc:IdentificationCode listAgencyID="6" listAgencyName="United Nations Economic Commission for Europe" listSchemeURI="urn:oasis:names:specification:ubl:codelist:gc:CountryIdentificationCode-2.0">CO</cbc:IdentificationCode>
					</sts:InvoiceSource>
					<sts:SoftwareProvider>
						<sts:ProviderID schemeAgencyID="195" schemeAgencyName="CO, DIAN (Dirección de Impuestos y Aduanas Nacionales)" schemeName="SoftwareMakerID: NIT del OFE o del PST" schemeURI="http://www.dian.gov.co/contratos/facturaelectronica/v1/anexo_v1_0.html#SoftwareMakerID">700085380</sts:ProviderID>
						<sts:SoftwareID schemeAgencyID="195" schemeAgencyName="CO, DIAN (Dirección de Impuestos y Aduanas Nacionales)" schemeName="SoftwareID: asignado por la DIAN al OFE o al PST" schemeURI="http://www.dian.gov.co/contratos/facturaelectronica/v1/anexo_v1_0.html#sofwareID">8bad2864-011e-4fa1-8bfe-843ab63a4bf2</sts:SoftwareID>
					</sts:SoftwareProvider>
					<sts:SoftwareSecurityCode schemeAgencyID="195" schemeAgencyName="CO, DIAN (Dirección de Impuestos y Aduanas Nacionales)" schemeName="SoftwareSecurityCode" schemeURI="http://www.dian.gov.co/contratos/facturaelectronica/v1/anexo_v1_0.html#SofwareSecurityCode">54bf6b1cfe683bcaf1fe8b67e98e9facfb5d3ec011a9966327f6d2b5c368d59d76d811e40d19f050e4a8ea0eaa0a0d42</sts:SoftwareSecurityCode>
					<sts:OFEContingenciaID>identificador entregado por la DIAN para la contingencia</sts:OFEContingenciaID>
				</sts:DianExtensions>
			</ext:ExtensionContent>
		</ext:UBLExtension>
		<ext:UBLExtension>
			<ext:ExtensionContent>
				<ds:Signature xmlns:ds="http://www.w3.org/2000/09/xmldsig#" Id="xmldsig-e2f27048-53c6-4130-bf5e-5915089e9807">
					<ds:SignedInfo>
						<ds:CanonicalizationMethod Algorithm="http://www.w3.org/TR/2001/REC-xml-c14n-20010315"/>
						<ds:SignatureMethod Algorithm="http://www.w3.org/2000/09/xmldsig#rsa-sha1"/>
						<ds:Reference Id="xmldsig-e2f27048-53c6-4130-bf5e-5915089e9807-ref0" URI="">
							<ds:Transforms>
								<ds:Transform Algorithm="http://www.w3.org/2000/09/xmldsig#enveloped-signature"/>
							</ds:Transforms>
							<ds:DigestMethod Algorithm="http://www.w3.org/2000/09/xmldsig#sha1"/>
							<ds:DigestValue>nQoslfKNH9/a7YoLBXFYsyTkBJ8=</ds:DigestValue>
						</ds:Reference>
						<ds:Reference URI="#xmldsig-87d128b5-aa31-4f0b-8e45-3d9cfa0eec26-keyinfo">
							<ds:DigestMethod Algorithm="http://www.w3.org/2000/09/xmldsig#sha1"/>
							<ds:DigestValue>0iE/FGZgLfbnV9DhUaDBBVPjn44=</ds:DigestValue>
						</ds:Reference>
						<ds:Reference Type="http://uri.etsi.org/01903#SignedProperties" URI="#xmldsig-e2f27048-53c6-4130-bf5e-5915089e9807-signedprops">
							<ds:DigestMethod Algorithm="http://www.w3.org/2000/09/xmldsig#sha1"/>
							<ds:DigestValue>4VZaJAZGvxifoGYetOYuOEuZUrE=</ds:DigestValue>
						</ds:Reference>
					</ds:SignedInfo>
					<ds:SignatureValue Id="xmldsig-e2f27048-53c6-4130-bf5e-5915089e9807-sigvalue">
Ijd7mzeBj4NV/F+EyP7WQO13Bi1wLNFFyvQPmiXgcTQ9zBYtuTWNeUS+vk425vrA1ghgC8Vfpem9
ODzhe/gsV5R82Ya9Dp3Ek6SDIoJYsD1nFEaq5h1Gt56iMr+hPEvyvR6ddQl+n4sRhmLCKvKV3Jge
L8MvAx6Bg+m8Z7sQVdbBjLE/4oSdN+jo8DpUQrPuKMg0ZRmMEBp4LGbljQE0esFLG0cHmlLeFEZH
fxDGP1dyK4cMIbOhVqxmo+uzAq0r4EfMd+woUNnUMAsNeIgyoMLjbfk+bYX89m7GxkYQQ1TY2F1v
EfSlMjL1lP8UMipQqxhhQ49q8tx60hvDNqTO8Q==
</ds:SignatureValue>
					<ds:KeyInfo Id="xmldsig-87d128b5-aa31-4f0b-8e45-3d9cfa0eec26-keyinfo">
						<ds:X509Data>
							<ds:X509Certificate>
MIIILDCCBhSgAwIBAgIIfq9P6xyRMBEwDQYJKoZIhvcNAQELBQAwgbQxIzAhBgkqhkiG9w0BCQEW
FGluZm9AYW5kZXNzY2QuY29tLmNvMSMwIQYDVQQDExpDQSBBTkRFUyBTQ0QgUy5BLiBDbGFzZSBJ
STEwMC4GA1UECxMnRGl2aXNpb24gZGUgY2VydGlmaWNhY2lvbiBlbnRpZGFkIGZpbmFsMRMwEQYD
</ds:X509Certificate>
						</ds:X509Data>
					</ds:KeyInfo>
					<ds:Object>
						<xades:QualifyingProperties xmlns:xades="http://uri.etsi.org/01903/v1.3.2#" xmlns:xades141="http://uri.etsi.org/01903/v1.4.1#" Target="#xmldsig-e2f27048-53c6-4130-bf5e-5915089e9807">
							<xades:SignedProperties Id="xmldsig-e2f27048-53c6-4130-bf5e-5915089e9807-signedprops">
								<xades:SignedSignatureProperties>
									<xades:SigningTime>2015-09-04T20:06:27.100-05:00</xades:SigningTime>
									<xades:SigningCertificate>
										<xades:Cert>
											<xades:CertDigest>
												<ds:DigestMethod Algorithm="http://www.w3.org/2000/09/xmldsig#sha1"/>
												<ds:DigestValue>2el6MfWvYsvEaa/TV513a7tVK0g=</ds:DigestValue>
											</xades:CertDigest>
											<xades:IssuerSerial>
												<ds:X509IssuerName>C=CO,L=Bogota D.C.,O=Andes SCD.,OU=Division de certificacion entidad final,CN=CA ANDES SCD S.A. Clase II,1.2.840.113549.1.9.1=#1614696e666f40616e6465737363642e636f6d2e636f</ds:X509IssuerName>
												<ds:X509SerialNumber>9128602840918470673</ds:X509SerialNumber>
											</xades:IssuerSerial>
										</xades:Cert>
										<xades:Cert>
											<xades:CertDigest>
												<ds:DigestMethod Algorithm="http://www.w3.org/2000/09/xmldsig#sha1"/>
												<ds:DigestValue>YGJTXnOzmebG2Mc6A/QapNi1PRA=</ds:DigestValue>
											</xades:CertDigest>
											<xades:IssuerSerial>
												<ds:X509IssuerName>C=CO,L=Bogota D.C.,O=Andes SCD,OU=Division de certificacion,CN=ROOT CA ANDES SCD S.A.,1.2.840.113549.1.9.1=#1614696e666f40616e6465737363642e636f6d2e636f</ds:X509IssuerName>
												<ds:X509SerialNumber>7958418607150926283</ds:X509SerialNumber>
											</xades:IssuerSerial>
										</xades:Cert>
										<xades:Cert>
											<xades:CertDigest>
												<ds:DigestMethod Algorithm="http://www.w3.org/2000/09/xmldsig#sha1"/>
												<ds:DigestValue>6EVr7OINyc49AgvNkie19xul55c=</ds:DigestValue>
											</xades:CertDigest>
											<xades:IssuerSerial>
												<ds:X509IssuerName>C=CO,L=Bogota D.C.,O=Andes SCD,OU=Division de certificacion,CN=ROOT CA ANDES SCD S.A.,1.2.840.113549.1.9.1=#1614696e666f40616e6465737363642e636f6d2e636f</ds:X509IssuerName>
												<ds:X509SerialNumber>3248112716520923666</ds:X509SerialNumber>
											</xades:IssuerSerial>
										</xades:Cert>
									</xades:SigningCertificate>
									<xades:SignaturePolicyIdentifier>
										<xades:SignaturePolicyId>
											<xades:SigPolicyId>
												<xades:Identifier>http://www.facturae.es/politica_de_firma_formato_facturae/politica_de_firma_formato_facturae_v3_1.pdf</xades:Identifier>
											</xades:SigPolicyId>
											<xades:SigPolicyHash>
												<ds:DigestMethod Algorithm="http://www.w3.org/2000/09/xmldsig#sha1"/>
												<ds:DigestValue>Ohixl6upD6av8N7pEvDABhEL6hM=</ds:DigestValue>
											</xades:SigPolicyHash>
										</xades:SignaturePolicyId>
									</xades:SignaturePolicyIdentifier>
									<xades:SignerRole>
										<xades:ClaimedRoles>
											<xades:ClaimedRole>supplier</xades:ClaimedRole>
										</xades:ClaimedRoles>
									</xades:SignerRole>
								</xades:SignedSignatureProperties>
							</xades:SignedProperties>
						</xades:QualifyingProperties>
					</ds:Object>
				</ds:Signature>
			</ext:ExtensionContent>
		</ext:UBLExtension>
	</ext:UBLExtensions>
	<cbc:UBLVersionID>UBL 2.0</cbc:UBLVersionID>
	<cbc:CustomizationID schemeName="nombre archivo xsd" schemeURI="http://www.dian.gov.co/contratos/facturaelectronica/v1/anexo_v1_0.html#xsdFile">DIAN_UBL_v1_0_foc.xsd</cbc:CustomizationID>
	<cbc:ProfileID schemeName="Lista de perfiles UBL de la DIAN" schemeURI="http://www.dian.gov.co/contratos/facturaelectronica/v1/anexo_v1_0.html#profileList">Factura de Venta Contingencia - Transcripción</cbc:ProfileID>
	<cbc:ID schemeName="Rango Manual" schemeURI="http://www.dian.gov.co/contratos/facturaelectronica/v1/anexo_v1_0.html#rangoManual">8110007869</cbc:ID>
	<cbc:UUID schemeAgencyID="195" schemeAgencyName="CO, DIAN (Dirección de Impuestos y Aduanas Nacionales)" schemeName="UUID de la entrega" schemeURI="http://www.dian.gov.co/contratos/facturaelectronica/v1/anexo_v1_0.html#uuidEntrega">a1beaaef31a0c05e97b0c4f6fbc1902d66a93245</cbc:UUID>
	<cbc:IssueDate>2015-07-21</cbc:IssueDate>
	<cbc:IssueTime>00:00:00</cbc:IssueTime>
	<cbc:InvoiceTypeCode listAgencyID="195" listAgencyName="CO, DIAN (Dirección de Impuestos y Aduanas Nacionales)" listName="Lista de códigos por tipo de factura" listURI="http://www.dian.gov.co/contratos/facturaelectronica/v1/anexo_v1_0.html#InvoiceTypeCodeList">3</cbc:InvoiceTypeCode>
	<cbc:Note>Set de pruebas =  fos0001_900373076</cbc:Note>
	<cbc:DocumentCurrencyCode>COP</cbc:DocumentCurrencyCode>
	<cac:BillingReference>
		<cac:InvoiceDocumentReference>
			<cbc:ID schemeName="Rango Manual" schemeURI="http://www.dian.gov.co/contratos/facturaelectronica/v1/anexo_v1_0.html#rangoManual">identificador de la factura expedida manualmente</cbc:ID>
			<cbc:CopyIndicator>true</cbc:CopyIndicator>
			<!-- constante-->
			<cbc:IssueDate>2015-07-16</cbc:IssueDate>
			<cbc:DocumentType languageID="ES-CO">Transcripción de factura de venta expedida manualmente en la fecha anotada en este fragmento, motivada en una contingencia que se anunció y la DIAN identificó según aparece en /fe:Invoice/ext:UBLExtensions/ext:UBLExtension[1]/ext:ExtensionContent/sts:DianExtensions/sts:OFEContingenciaID</cbc:DocumentType>
		</cac:InvoiceDocumentReference>
	</cac:BillingReference>
	<fe:AccountingSupplierParty>
		<cbc:AdditionalAccountID>1</cbc:AdditionalAccountID>
		<fe:Party>
			<cac:PartyIdentification>
				<cbc:ID schemeAgencyID="195" schemeAgencyName="CO, DIAN (Dirección de Impuestos y Aduanas Nacionales)" schemeID="31" schemeName="NIT del contribuyente">900373076</cbc:ID>
			</cac:PartyIdentification>
			<cac:PartyName>
				<!-- datos del establecimiento de comercio -->
				<cbc:Name>PJ - 900373076 - Adquiriente FE</cbc:Name>
			</cac:PartyName>
			<fe:PhysicalLocation>
				<fe:Address>
					<!-- <cbc:Department>Santander</cbc:Department> ha sido cambiado por cbc:CountrySubentity-->
					<cbc:CitySubdivisionName>Centro</cbc:CitySubdivisionName>
					<cbc:CityName>Velez</cbc:CityName>
					<cbc:CountrySubentity>Santander</cbc:CountrySubentity>
					<cac:AddressLine>
						<cbc:Line>	carrera 8 Nº 6C - 89</cbc:Line>
					</cac:AddressLine>
					<cac:Country>
						<cbc:IdentificationCode>CO</cbc:IdentificationCode>
					</cac:Country>
				</fe:Address>
			</fe:PhysicalLocation>
			<fe:PartyTaxScheme>
				<cbc:TaxLevelCode listName="Régimen Común de IVA">2</cbc:TaxLevelCode>
				<cac:TaxScheme/>
			</fe:PartyTaxScheme>
			<fe:PartyLegalEntity>
				<!-- datos del Registro Único Tributario -->
				<cbc:RegistrationName>PJ - 900373076</cbc:RegistrationName>
			</fe:PartyLegalEntity>
		</fe:Party>
	</fe:AccountingSupplierParty>
	<fe:AccountingCustomerParty>
		<cbc:AdditionalAccountID>2</cbc:AdditionalAccountID>
		<fe:Party>
			<cac:PartyIdentification>
				<cbc:ID schemeAgencyID="195" schemeAgencyName="CO, DIAN (Dirección de Impuestos y Aduanas Nacionales)" schemeID="22" schemeURI="http://www.dian.gov.co/contratos/facturaelectronica/v1/anexo_v1_0.html#tipoDocIdentidad" schemeName="Número del Documento de Identidad del Adquiriente; código del tipo en el atributo schemeID">8355990</cbc:ID>
			</cac:PartyIdentification>
			<fe:PhysicalLocation>
				<fe:Address>
					<!-- <cbc:Department>Tolima</cbc:Department> fuw reemplazado por Santander cbc:CountrySubentity-->
					<cbc:CitySubdivisionName>Centro</cbc:CitySubdivisionName>
					<cbc:CityName>Guamo</cbc:CityName>
					<cbc:CountrySubentity>Tolima</cbc:CountrySubentity>
					<cac:AddressLine>
						<cbc:Line>	carrera 8 Nº 6C - 39</cbc:Line>
					</cac:AddressLine>
					<cac:Country>
						<cbc:IdentificationCode>CO</cbc:IdentificationCode>
					</cac:Country>
				</fe:Address>
			</fe:PhysicalLocation>
			<fe:PartyTaxScheme>
				<cbc:TaxLevelCode>0</cbc:TaxLevelCode>
				<cac:TaxScheme/>
			</fe:PartyTaxScheme>
			<fe:Person>
				<cbc:FirstName>Primer-N</cbc:FirstName>
				<cbc:FamilyName>Apellido-8355990</cbc:FamilyName>
				<cbc:MiddleName>Segundo-N</cbc:MiddleName>
			</fe:Person>
		</fe:Party>
	</fe:AccountingCustomerParty>
	<fe:TaxTotal>
		<cbc:TaxAmount currencyID="COP">1619504.64</cbc:TaxAmount>
		<cbc:TaxEvidenceIndicator>false</cbc:TaxEvidenceIndicator>
		<fe:TaxSubtotal>
			<cbc:TaxableAmount currencyID="COP">10121904</cbc:TaxableAmount>
			<cbc:TaxAmount currencyID="COP">1619504.64</cbc:TaxAmount>
			<cbc:Percent>16</cbc:Percent>
			<cac:TaxCategory>
				<cac:TaxScheme>
					<cbc:ID>01</cbc:ID>
				</cac:TaxScheme>
			</cac:TaxCategory>
		</fe:TaxSubtotal>
	</fe:TaxTotal>
	<fe:TaxTotal>
		<cbc:TaxAmount currencyID="COP">419046.82</cbc:TaxAmount>
		<cbc:TaxEvidenceIndicator>false</cbc:TaxEvidenceIndicator>
		<fe:TaxSubtotal>
			<cbc:TaxableAmount currencyID="COP">10121904</cbc:TaxableAmount>
			<cbc:TaxAmount currencyID="COP">419046.82</cbc:TaxAmount>
			<cbc:Percent>4.14</cbc:Percent>
			<cac:TaxCategory>
				<cac:TaxScheme>
					<cbc:ID>03</cbc:ID>
				</cac:TaxScheme>
			</cac:TaxCategory>
		</fe:TaxSubtotal>
	</fe:TaxTotal>
	<fe:LegalMonetaryTotal>
		<cbc:LineExtensionAmount currencyID="COP">10121904</cbc:LineExtensionAmount>
		<cbc:TaxExclusiveAmount currencyID="COP">2038551.46</cbc:TaxExclusiveAmount>
		<cbc:PayableAmount currencyID="COP">12160455.46</cbc:PayableAmount>
	</fe:LegalMonetaryTotal>
	<fe:InvoiceLine>
		<cbc:ID>1</cbc:ID>
		<cbc:InvoicedQuantity>10</cbc:InvoicedQuantity>
		<cbc:LineExtensionAmount currencyID="COP">100</cbc:LineExtensionAmount>
		<cac:TaxTotal>
			<cbc:TaxAmount currencyID="COP">20.14</cbc:TaxAmount>
			<cac:TaxSubtotal>
				<cbc:TaxAmount currencyID="COP">16</cbc:TaxAmount>
				<cbc:Percent>16</cbc:Percent>
				<cac:TaxCategory>
					<cac:TaxScheme>
						<cbc:ID>01</cbc:ID>
					</cac:TaxScheme>
				</cac:TaxCategory>
			</cac:TaxSubtotal>
			<cac:TaxSubtotal>
				<cbc:TaxAmount currencyID="COP">4.14</cbc:TaxAmount>
				<cbc:Percent>4.14</cbc:Percent>
				<cac:TaxCategory>
					<cac:TaxScheme>
						<cbc:ID>03</cbc:ID>
					</cac:TaxScheme>
				</cac:TaxCategory>
			</cac:TaxSubtotal>
		</cac:TaxTotal>
		<fe:Item>
			<cbc:Description>Línea-1 8110007869 fos0001_900373076_8bad2_R000001-81-26610</cbc:Description>
		</fe:Item>
		<fe:Price>
			<cbc:PriceAmount currencyID="COP">10</cbc:PriceAmount>
		</fe:Price>
	</fe:InvoiceLine>
	<fe:InvoiceLine>
		<cbc:ID>2</cbc:ID>
		<cbc:InvoicedQuantity>10</cbc:InvoicedQuantity>
		<cbc:LineExtensionAmount currencyID="COP">100</cbc:LineExtensionAmount>
		<cac:TaxTotal>
			<cbc:TaxAmount currencyID="COP">20.14</cbc:TaxAmount>
			<cac:TaxSubtotal>
				<cbc:TaxAmount currencyID="COP">16</cbc:TaxAmount>
				<cbc:Percent>16</cbc:Percent>
				<cac:TaxCategory>
					<cac:TaxScheme>
						<cbc:ID>01</cbc:ID>
					</cac:TaxScheme>
				</cac:TaxCategory>
			</cac:TaxSubtotal>
			<cac:TaxSubtotal>
				<cbc:TaxAmount currencyID="COP">4.14</cbc:TaxAmount>
				<cbc:Percent>4.14</cbc:Percent>
				<cac:TaxCategory>
					<cac:TaxScheme>
						<cbc:ID>03</cbc:ID>
					</cac:TaxScheme>
				</cac:TaxCategory>
			</cac:TaxSubtotal>
		</cac:TaxTotal>
		<fe:Item>
			<cbc:Description>Línea-2 8110007869 fos0001_900373076_8bad2_R000001-81-26610</cbc:Description>
		</fe:Item>
		<fe:Price>
			<cbc:PriceAmount currencyID="COP">10</cbc:PriceAmount>
		</fe:Price>
	</fe:InvoiceLine>
</fe:Invoice>
