<?xml version="1.0" encoding="UTF-8" standalone="no"?>
<fe:Invoice xmlns:fe="http://www.dian.gov.co/contratos/facturaelectronica/v1" xmlns:cac="urn:oasis:names:specification:ubl:schema:xsd:CommonAggregateComponents-2" xmlns:cbc="urn:oasis:names:specification:ubl:schema:xsd:CommonBasicComponents-2" xmlns:clm54217="urn:un:unece:uncefact:codelist:specification:54217:2001" xmlns:clm66411="urn:un:unece:uncefact:codelist:specification:66411:2001" xmlns:clmIANAMIMEMediaType="urn:un:unece:uncefact:codelist:specification:IANAMIMEMediaType:2003" xmlns:ext="urn:oasis:names:specification:ubl:schema:xsd:CommonExtensionComponents-2" xmlns:qdt="urn:oasis:names:specification:ubl:schema:xsd:QualifiedDatatypes-2" xmlns:sts="http://www.dian.gov.co/contratos/facturaelectronica/v1/Structures" xmlns:udt="urn:un:unece:uncefact:data:specification:UnqualifiedDataTypesSchemaModule:2" xmlns:xsi="http://www.w3.org/2001/XMLSchema-instance" xsi:schemaLocation="http://www.dian.gov.co/contratos/facturaelectronica/v1 http://000-242o4z9.dian.loc:8016/xsdPropuesto/xsd/DIAN_UBL_v1_0_foc.xsd urn:un:unece:uncefact:data:specification:UnqualifiedDataTypesSchemaModule:2 http://000-242o4z9.dian.loc:8016/ubl2/common/UnqualifiedDataTypeSchemaModule-2.0.xsd urn:oasis:names:specification:ubl:schema:xsd:QualifiedDatatypes-2 http://000-242o4z9.dian.loc:8016/ubl2/common/UBL-QualifiedDatatypes-2.0.xsd">
	<ext:UBLExtensions>
		<ext:UBLExtension>
			<ext:ExtensionContent>
				<sts:DianExtensions>
					<sts:InvoiceControl>
						<sts:InvoiceAuthorization>000001</sts:InvoiceAuthorization>
						<sts:AuthorizationPeriod>
							<cbc:StartDate>2014-01-04</cbc:StartDate>
							<cbc:EndDate>2016-01-04</cbc:EndDate>
						</sts:AuthorizationPeriod>
						<sts:AuthorizedInvoices>
							<sts:Prefix>81</sts:Prefix>
							<sts:From>10007869</sts:From>
							<sts:To>19999999</sts:To>
						</sts:AuthorizedInvoices>
					</sts:InvoiceControl>
					<sts:InvoiceSource>
						<cbc:IdentificationCode listAgencyID="6" listAgencyName="United Nations Economic Commission for Europe" listSchemeURI="urn:oasis:names:specification:ubl:codelist:gc:CountryIdentificationCode-2.0">CO</cbc:IdentificationCode>
					</sts:InvoiceSource>
					<sts:SoftwareProvider>
						<sts:ProviderID schemeAgencyID="195" schemeAgencyName="CO, DIAN (Dirección de Impuestos y Aduanas Nacionales)" schemeName="SoftwareMakerID: NIT del OFE o del PST" schemeURI="http://www.dian.gov.co/contratos/facturaelectronica/v1/anexo_v1_0.html#SoftwareMakerID">700085380</sts:ProviderID>
						<sts:SoftwareID schemeAgencyID="195" schemeAgencyName="CO, DIAN (Dirección de Impuestos y Aduanas Nacionales)" schemeName="SoftwareID: asignado por la DIAN al OFE o al PST" schemeURI="http://www.dian.gov.co/contratos/facturaelectronica/v1/anexo_v1_0.html#sofwareID">8bad2864-011e-4fa1-8bfe-843ab63a4bf2</sts:SoftwareID>
					</sts:SoftwareProvider>
					<sts:SoftwareSecurityCode schemeAgencyID="195" schemeAgencyName="CO, DIAN (Dirección de Impuestos y Aduanas Nacionales)" schemeName="SoftwareSecurityCode" schemeURI="http://www.dian.gov.co/contratos/facturaelectronica/v1/anexo_v1_0.html#SofwareSecurityCode">54bf6b1cfe683bcaf1fe8b67e98e9facfb5d3ec011a9966327f6d2b5c368d59d76d811e40d19f050e4a8ea0eaa0a0d42</sts:SoftwareSecurityCode>
					<sts:OFEContingenciaID>identificador entregado por la DIAN para la contingencia</sts:OFEContingenciaID>
				</sts:DianExtensions>
			</ext:ExtensionContent>
		</ext:UBLExtension>
	</ext:UBLExtensions>
	<cbc:UBLVersionID>UBL 2.0</cbc:UBLVersionID>
	<cbc:CustomizationID schemeName="nombre archivo xsd" schemeURI="http://www.dian.gov.co/contratos/facturaelectronica/v1/anexo_v1_0.html#xsdFile">DIAN_UBL_v1_0_foc.xsd</cbc:CustomizationID>
	<cbc:ProfileID schemeName="Lista de perfiles UBL de la DIAN" schemeURI="http://www.dian.gov.co/contratos/facturaelectronica/v1/anexo_v1_0.html#profileList">Factura de Venta Contingencia - Transcripción</cbc:ProfileID>
	<cbc:ID schemeName="Rango Manual" schemeURI="http://www.dian.gov.co/contratos/facturaelectronica/v1/anexo_v1_0.html#rangoManual">8110007869</cbc:ID>
	<cbc:UUID schemeAgencyID="195" schemeAgencyName="CO, DIAN (Dirección de Impuestos y Aduanas Nacionales)" schemeName="UUID de la entrega" schemeURI="http://www.dian.gov.co/contratos/facturaelectronica/v1/anexo_v1_0.html#uuidEntrega">a1beaaef31a0c05e97b0c4f6fbc1902d66a93245</cbc:UUID>
	<cbc:IssueDate>2015-07-21</cbc:IssueDate>
	<cbc:IssueTime>00:00:00</cbc:IssueTime>
	<cbc:InvoiceTypeCode listAgencyID="195" listAgencyName="CO, DIAN (Dirección de Impuestos y Aduanas Nacionales)" listName="Lista de códigos por tipo de factura" listURI="http://www.dian.gov.co/contratos/facturaelectronica/v1/anexo_v1_0.html#InvoiceTypeCodeList">3</cbc:InvoiceTypeCode>
	<cbc:Note>Set de pruebas =  fos0001_900373076</cbc:Note>
	<cbc:DocumentCurrencyCode>COP</cbc:DocumentCurrencyCode>
	<cac:BillingReference>
		<cac:InvoiceDocumentReference>
			<cbc:ID schemeName="Rango Manual" schemeURI="http://www.dian.gov.co/contratos/facturaelectronica/v1/anexo_v1_0.html#rangoManual">identificador de la factura expedida manualmente</cbc:ID>
			<cbc:CopyIndicator>true</cbc:CopyIndicator>
			<!-- constante-->
			<cbc:IssueDate>2015-07-16</cbc:IssueDate>
			<cbc:DocumentType languageID="ES-CO">Transcripción de factura de venta expedida manualmente en la fecha anotada en este fragmento, motivada en una contingencia que se anunció y la DIAN identificó según aparece en /fe:Invoice/ext:UBLExtensions/ext:UBLExtension[1]/ext:ExtensionContent/sts:DianExtensions/sts:OFEContingenciaID</cbc:DocumentType>
		</cac:InvoiceDocumentReference>
	</cac:BillingReference>
	<fe:AccountingSupplierParty>
		<cbc:AdditionalAccountID>1</cbc:AdditionalAccountID>
		<fe:Party>
			<cac:PartyIdentification>
				<cbc:ID schemeAgencyID="195" schemeAgencyName="CO, DIAN (Dirección de Impuestos y Aduanas Nacionales)" schemeID="31" schemeName="NIT del contribuyente">900373076</cbc:ID>
			</cac:PartyIdentification>
			<cac:PartyName>
				<!-- datos del establecimiento de comercio -->
				<cbc:Name>PJ - 900373076 - Adquiriente FE</cbc:Name>
			</cac:PartyName>
			<fe:PhysicalLocation>
				<fe:Address>
					<!-- <cbc:Department>Santander</cbc:Department> ha sido cambiado por cbc:CountrySubentity-->
					<cbc:CitySubdivisionName>Centro</cbc:CitySubdivisionName>
					<cbc:CityName>Velez</cbc:CityName>
					<cbc:CountrySubentity>Santander</cbc:CountrySubentity>
					<cac:AddressLine>
						<cbc:Line>	carrera 8 Nº 6C - 89</cbc:Line>
					</cac:AddressLine>
					<cac:Country>
						<cbc:IdentificationCode>CO</cbc:IdentificationCode>
					</cac:Country>
				</fe:Address>
			</fe:PhysicalLocation>
			<fe:PartyTaxScheme>
				<cbc:TaxLevelCode listName="Régimen Común de IVA">2</cbc:TaxLevelCode>
				<cac:TaxScheme/>
			</fe:PartyTaxScheme>
			<fe:PartyLegalEntity>
				<!-- datos del Registro Único Tributario -->
				<cbc:RegistrationName>PJ - 900373076</cbc:RegistrationName>
			</fe:PartyLegalEntity>
		</fe:Party>
	</fe:AccountingSupplierParty>
	<fe:AccountingCustomerParty>
		<cbc:AdditionalAccountID>2</cbc:AdditionalAccountID>
		<fe:Party>
			<cac:PartyIdentification>
				<cbc:ID schemeAgencyID="195" schemeAgencyName="CO, DIAN (Dirección de Impuestos y Aduanas Nacionales)" schemeID="22" schemeURI="http://www.dian.gov.co/contratos/facturaelectronica/v1/anexo_v1_0.html#tipoDocIdentidad" schemeName="Número del Documento de Identidad del Adquiriente; código del tipo en el atributo schemeID">8355990</cbc:ID>
			</cac:PartyIdentification>
			<fe:PhysicalLocation>
				<fe:Address>
					<!-- <cbc:Department>Tolima</cbc:Department> fuw reemplazado por Santander cbc:CountrySubentity-->
					<cbc:CitySubdivisionName>Centro</cbc:CitySubdivisionName>
					<cbc:CityName>Guamo</cbc:CityName>
					<cbc:CountrySubentity>Tolima</cbc:CountrySubentity>
					<cac:AddressLine>
						<cbc:Line>	carrera 8 Nº 6C - 39</cbc:Line>
					</cac:AddressLine>
					<cac:Country>
						<cbc:IdentificationCode>CO</cbc:IdentificationCode>
					</cac:Country>
				</fe:Address>
			</fe:PhysicalLocation>
			<fe:PartyTaxScheme>
				<cbc:TaxLevelCode>0</cbc:TaxLevelCode>
				<cac:TaxScheme/>
			</fe:PartyTaxScheme>
			<fe:Person>
				<cbc:FirstName>Primer-N</cbc:FirstName>
				<cbc:FamilyName>Apellido-8355990</cbc:FamilyName>
				<cbc:MiddleName>Segundo-N</cbc:MiddleName>
			</fe:Person>
		</fe:Party>
	</fe:AccountingCustomerParty>
	<fe:TaxTotal>
		<cbc:TaxAmount currencyID="COP">1619504.64</cbc:TaxAmount>
		<cbc:TaxEvidenceIndicator>false</cbc:TaxEvidenceIndicator>
		<fe:TaxSubtotal>
			<cbc:TaxableAmount currencyID="COP">10121904</cbc:TaxableAmount>
			<cbc:TaxAmount currencyID="COP">1619504.64</cbc:TaxAmount>
			<cbc:Percent>16</cbc:Percent>
			<cac:TaxCategory>
				<cac:TaxScheme>
					<cbc:ID>01</cbc:ID>
				</cac:TaxScheme>
			</cac:TaxCategory>
		</fe:TaxSubtotal>
	</fe:TaxTotal>
	<fe:TaxTotal>
		<cbc:TaxAmount currencyID="COP">419046.82</cbc:TaxAmount>
		<cbc:TaxEvidenceIndicator>false</cbc:TaxEvidenceIndicator>
		<fe:TaxSubtotal>
			<cbc:TaxableAmount currencyID="COP">10121904</cbc:TaxableAmount>
			<cbc:TaxAmount currencyID="COP">419046.82</cbc:TaxAmount>
			<cbc:Percent>4.14</cbc:Percent>
			<cac:TaxCategory>
				<cac:TaxScheme>
					<cbc:ID>03</cbc:ID>
				</cac:TaxScheme>
			</cac:TaxCategory>
		</fe:TaxSubtotal>
	</fe:TaxTotal>
	<fe:LegalMonetaryTotal>
		<cbc:LineExtensionAmount currencyID="COP">10121904</cbc:LineExtensionAmount>
		<cbc:TaxExclusiveAmount currencyID="COP">2038551.46</cbc:TaxExclusiveAmount>
		<cbc:PayableAmount currencyID="COP">12160455.46</cbc:PayableAmount>
	</fe:LegalMonetaryTotal>
	<fe:InvoiceLine>
		<cbc:ID>1</cbc:ID>
		<cbc:InvoicedQuantity>10</cbc:InvoicedQuantity>
		<cbc:LineExtensionAmount currencyID="COP">100</cbc:LineExtensionAmount>
		<cac:TaxTotal>
			<cbc:TaxAmount currencyID="COP">20.14</cbc:TaxAmount>
			<cac:TaxSubtotal>
				<cbc:TaxAmount currencyID="COP">16</cbc:TaxAmount>
				<cbc:Percent>16</cbc:Percent>
				<cac:TaxCategory>
					<cac:TaxScheme>
						<cbc:ID>01</cbc:ID>
					</cac:TaxScheme>
				</cac:TaxCategory>
			</cac:TaxSubtotal>
			<cac:TaxSubtotal>
				<cbc:TaxAmount currencyID="COP">4.14</cbc:TaxAmount>
				<cbc:Percent>4.14</cbc:Percent>
				<cac:TaxCategory>
					<cac:TaxScheme>
						<cbc:ID>03</cbc:ID>
					</cac:TaxScheme>
				</cac:TaxCategory>
			</cac:TaxSubtotal>
		</cac:TaxTotal>
		<fe:Item>
			<cbc:Description>Línea-1 8110007869 fos0001_900373076_8bad2_R000001-81-26610</cbc:Description>
		</fe:Item>
		<fe:Price>
			<cbc:PriceAmount currencyID="COP">10</cbc:PriceAmount>
		</fe:Price>
	</fe:InvoiceLine>
	<fe:InvoiceLine>
		<cbc:ID>2</cbc:ID>
		<cbc:InvoicedQuantity>10</cbc:InvoicedQuantity>
		<cbc:LineExtensionAmount currencyID="COP">100</cbc:LineExtensionAmount>
		<cac:TaxTotal>
			<cbc:TaxAmount currencyID="COP">20.14</cbc:TaxAmount>
			<cac:TaxSubtotal>
				<cbc:TaxAmount currencyID="COP">16</cbc:TaxAmount>
				<cbc:Percent>16</cbc:Percent>
				<cac:TaxCategory>
					<cac:TaxScheme>
						<cbc:ID>01</cbc:ID>
					</cac:TaxScheme>
				</cac:TaxCategory>
			</cac:TaxSubtotal>
			<cac:TaxSubtotal>
				<cbc:TaxAmount currencyID="COP">4.14</cbc:TaxAmount>
				<cbc:Percent>4.14</cbc:Percent>
				<cac:TaxCategory>
					<cac:TaxScheme>
						<cbc:ID>03</cbc:ID>
					</cac:TaxScheme>
				</cac:TaxCategory>
			</cac:TaxSubtotal>
		</cac:TaxTotal>
		<fe:Item>
			<cbc:Description>Línea-2 8110007869 fos0001_900373076_8bad2_R000001-81-26610</cbc:Description>
		</fe:Item>
		<fe:Price>
			<cbc:PriceAmount currencyID="COP">10</cbc:PriceAmount>
		</fe:Price>
	</fe:InvoiceLine>
</fe:Invoice>
