<?xml version="1.0" encoding="UTF-8" standalone="no"?>
<fe:CreditNote xmlns:cac="urn:oasis:names:specification:ubl:schema:xsd:CommonAggregateComponents-2" xmlns:cbc="urn:oasis:names:specification:ubl:schema:xsd:CommonBasicComponents-2" xmlns:clm54217="urn:un:unece:uncefact:codelist:specification:54217:2001" xmlns:clm66411="urn:un:unece:uncefact:codelist:specification:66411:2001" xmlns:clmIANAMIMEMediaType="urn:un:unece:uncefact:codelist:specification:IANAMIMEMediaType:2003" xmlns:ext="urn:oasis:names:specification:ubl:schema:xsd:CommonExtensionComponents-2" xmlns:qdt="urn:oasis:names:specification:ubl:schema:xsd:QualifiedDatatypes-2" xmlns:sts="http://www.dian.gov.co/contratos/facturaelectronica/v1/Structures" xmlns:udt="urn:un:unece:uncefact:data:specification:UnqualifiedDataTypesSchemaModule:2" xmlns:xsi="http://www.w3.org/2001/XMLSchema-instance" xsi:schemaLocation="http://www.dian.gov.co/contratos/facturaelectronica/v1 http://www.dian.gov.co/micrositios/fac_electronica/documentos/XSD/r0/DIAN_UBL.xsd urn:un:unece:uncefact:data:specification:UnqualifiedDataTypesSchemaModule:2 http://www.dian.gov.co/micrositios/fac_electronica/documentos/common/UnqualifiedDataTypeSchemaModule-2.0.xsd urn:oasis:names:specification:ubl:schema:xsd:QualifiedDatatypes-2 http://www.dian.gov.co/micrositios/fac_electronica/documentos/common/UBL-QualifiedDatatypes-2.0.xsd" xmlns:fe="http://www.dian.gov.co/contratos/facturaelectronica/v1">
	<ext:UBLExtensions>
		<ext:UBLExtension>
			<ext:ExtensionContent>
				<sts:DianExtensions>
					<sts:InvoiceSource>
						<cbc:IdentificationCode listAgencyID="6" listAgencyName="United Nations Economic Commission for Europe" listSchemeURI="urn:oasis:names:specification:ubl:codelist:gc:CountryIdentificationCode-2.0">CO</cbc:IdentificationCode>
					</sts:InvoiceSource>
					<sts:SoftwareProvider>
						<sts:ProviderID schemeAgencyID="195" schemeAgencyName="CO, DIAN (Direccion de Impuestos y Aduanas Nacionales)">700085380</sts:ProviderID>
						<sts:SoftwareID schemeAgencyID="195" schemeAgencyName="CO, DIAN (Direccion de Impuestos y Aduanas Nacionales)">8bad2864-011e-4fa1-8bfe-843ab63a4bf2</sts:SoftwareID>
					</sts:SoftwareProvider>
					<sts:SoftwareSecurityCode schemeAgencyID="195" schemeAgencyName="CO, DIAN (Direccion de Impuestos y Aduanas Nacionales)">54bf6b1cfe683bcaf1fe8b67e98e9facfb5d3ec011a9966327f6d2b5c368d59d76d811e40d19f050e4a8ea0eaa0a0d42</sts:SoftwareSecurityCode>
				</sts:DianExtensions>
			</ext:ExtensionContent>
		</ext:UBLExtension>
	</ext:UBLExtensions>
	<cbc:UBLVersionID>UBL 2.0</cbc:UBLVersionID>
	<cbc:CustomizationID/>
	<cbc:ProfileID>DIAN 1.0</cbc:ProfileID>
	<cbc:ID>&#8212;&#8230;</cbc:ID>
	<cbc:IssueDate>2015-09-08</cbc:IssueDate>
	<cbc:IssueTime>03:01:26</cbc:IssueTime>
	<cbc:Note>&#182;La NC no incluye el elemento UUID </cbc:Note>
	<cbc:Note>&#182;Este documento ejemplifica una acreditación (rebaja) a Cuenta del Deudor, y no está anulando una factura electrónica específica.</cbc:Note>
	<cbc:Note>&#182;El elemento xPath: /fe:CreditNote/cbc:ID almacena la identificación única de la Nota Crédito</cbc:Note>
	<cbc:Note>&#182;El valor acreditado a la Cuenta del Deudor está en el elemento xPath: /fe:CreditNote/fe:LegalMonetaryTotal/cbc:LineExtensionAmount</cbc:Note>
	<cbc:Note>&#182;El valor del elemento xPath: /fe:CreditNote/fe:LegalMonetaryTotal/cbc:TaxExclusiveAmount siempre será 0.00</cbc:Note>
	<cbc:Note>&#182;El valor del elemento xPath: /fe:CreditNote/fe:LegalMonetaryTotal/cbc:PayableAmount será el mismo del elemento ./cbc:LineExtensionAmount</cbc:Note>
	<cac:DiscrepancyResponse>
		<cbc:ReferenceID/>
		<cbc:ResponseCode listName="concepto de notas crédito" listSchemeURI="http://www.dian.gov.co/micrositios/fac_electronica/documentos/Anexo_Tecnico_001_Formatos_de_los_Documentos_XML_de_Facturacion_Electron.pdf" name="3:= Rebaja total aplicada ">3</cbc:ResponseCode>
	</cac:DiscrepancyResponse>
	<fe:AccountingSupplierParty>
		<cbc:AdditionalAccountID>1</cbc:AdditionalAccountID>
		<fe:Party>
			<cac:PartyIdentification>
				<cbc:ID schemeAgencyID="195" schemeAgencyName="CO, DIAN (Direccion de Impuestos y Aduanas Nacionales)" schemeID="31">900373088</cbc:ID>
			</cac:PartyIdentification>
			<cac:PartyName>
				<cbc:Name>PJ - 800199436 - Adquiriente FE</cbc:Name>
			</cac:PartyName>
			<fe:PhysicalLocation>
				<fe:Address>
					<cbc:Department>Distrito Capital</cbc:Department>
					<cbc:CitySubdivisionName>Centro</cbc:CitySubdivisionName>
					<cbc:CityName>Bogotá</cbc:CityName>
					<cac:AddressLine>
						<cbc:Line>	carrera 8 Nº 6C - 78</cbc:Line>
					</cac:AddressLine>
					<cac:Country>
						<cbc:IdentificationCode>CO</cbc:IdentificationCode>
					</cac:Country>
				</fe:Address>
			</fe:PhysicalLocation>
			<fe:PartyTaxScheme>
				<cbc:TaxLevelCode>0</cbc:TaxLevelCode>
				<cac:TaxScheme/>
			</fe:PartyTaxScheme>
			<fe:PartyLegalEntity>
				<cbc:RegistrationName>PJ - 900373088</cbc:RegistrationName>
			</fe:PartyLegalEntity>
		</fe:Party>
	</fe:AccountingSupplierParty>
	<fe:AccountingCustomerParty>
		<cbc:AdditionalAccountID>1</cbc:AdditionalAccountID>
		<fe:Party>
			<cac:PartyIdentification>
				<cbc:ID schemeAgencyID="195" schemeAgencyName="CO, DIAN (Direccion de Impuestos y Aduanas Nacionales)" schemeID="31">800199436</cbc:ID>
			</cac:PartyIdentification>
			<cac:PartyName>
				<cbc:Name>PJ - 800199436 - Adquiriente FE</cbc:Name>
			</cac:PartyName>
			<fe:PhysicalLocation>
				<fe:Address>
					<cbc:Department>Huila</cbc:Department>
					<cbc:CitySubdivisionName>Centro</cbc:CitySubdivisionName>
					<cbc:CityName>Aipe</cbc:CityName>
					<cac:AddressLine>
						<cbc:Line>	carrera 8 Nº 6C - 101</cbc:Line>
					</cac:AddressLine>
					<cac:Country>
						<cbc:IdentificationCode>CO</cbc:IdentificationCode>
					</cac:Country>
				</fe:Address>
			</fe:PhysicalLocation>
			<fe:PartyTaxScheme>
				<cbc:TaxLevelCode>0</cbc:TaxLevelCode>
				<cac:TaxScheme/>
			</fe:PartyTaxScheme>
			<fe:PartyLegalEntity>
				<cbc:RegistrationName>PJ - 800199436</cbc:RegistrationName>
			</fe:PartyLegalEntity>
		</fe:Party>
	</fe:AccountingCustomerParty>
	<fe:LegalMonetaryTotal>
		<cbc:LineExtensionAmount currencyID="COP">162193281.90</cbc:LineExtensionAmount>
		<cbc:TaxExclusiveAmount currencyID="COP">0.00</cbc:TaxExclusiveAmount>
		<cbc:PayableAmount currencyID="COP">162193281.90</cbc:PayableAmount>
	</fe:LegalMonetaryTotal>
	<cac:CreditNoteLine>
		<cbc:ID>1</cbc:ID>
		<cac:Item>
			<cbc:Description>Acreditación a la Cuenta del Deudor</cbc:Description>
		</cac:Item>
	</cac:CreditNoteLine>
</fe:CreditNote>
