<?xml version="1.0" encoding="UTF-8" standalone="no"?><fe:CreditNote xmlns:fe="http://www.dian.gov.co/contratos/facturaelectronica/v1" xmlns:cac="urn:oasis:names:specification:ubl:schema:xsd:CommonAggregateComponents-2" xmlns:cbc="urn:oasis:names:specification:ubl:schema:xsd:CommonBasicComponents-2" xmlns:clm54217="urn:un:unece:uncefact:codelist:specification:54217:2001" xmlns:clm66411="urn:un:unece:uncefact:codelist:specification:66411:2001" xmlns:clmIANAMIMEMediaType="urn:un:unece:uncefact:codelist:specification:IANAMIMEMediaType:2003" xmlns:ext="urn:oasis:names:specification:ubl:schema:xsd:CommonExtensionComponents-2" xmlns:qdt="urn:oasis:names:specification:ubl:schema:xsd:QualifiedDatatypes-2" xmlns:sts="http://www.dian.gov.co/contratos/facturaelectronica/v1/Structures" xmlns:udt="urn:un:unece:uncefact:data:specification:UnqualifiedDataTypesSchemaModule:2" xmlns:xsi="http://www.w3.org/2001/XMLSchema-instance" xsi:schemaLocation="http://www.dian.gov.co/contratos/facturaelectronica/v1 http://www.dian.gov.co/micrositios/fac_electronica/documentos/XSD/r0/DIAN_UBL.xsd urn:un:unece:uncefact:data:specification:UnqualifiedDataTypesSchemaModule:2 http://www.dian.gov.co/micrositios/fac_electronica/documentos/common/UnqualifiedDataTypeSchemaModule-2.0.xsd urn:oasis:names:specification:ubl:schema:xsd:QualifiedDatatypes-2 http://www.dian.gov.co/micrositios/fac_electronica/documentos/common/UBL-QualifiedDatatypes-2.0.xsd">
  <ext:UBLExtensions>
    <ext:UBLExtension>
      <ext:ExtensionContent>
        <sts:DianExtensions>
          <sts:InvoiceSource>
            <cbc:IdentificationCode listAgencyID="6" listAgencyName="United Nations Economic Commission for Europe" listSchemeURI="urn:oasis:names:specification:ubl:codelist:gc:CountryIdentificationCode-2.0">CO</cbc:IdentificationCode>
          </sts:InvoiceSource>
          <sts:SoftwareProvider>
            <sts:ProviderID schemeAgencyID="195" schemeAgencyName="CO, DIAN (Direccion de Impuestos y Aduanas Nacionales)">890930534</sts:ProviderID>
            <sts:SoftwareID schemeAgencyID="195" schemeAgencyName="CO, DIAN (Direccion de Impuestos y Aduanas Nacionales)">a0eb9f7a-746f-4e7d-beb2-6e4a8e78ab0a</sts:SoftwareID>
          </sts:SoftwareProvider>
          <sts:SoftwareSecurityCode schemeAgencyID="195" schemeAgencyName="CO, DIAN (Direccion de Impuestos y Aduanas Nacionales)">1c288bd35b61cb3ad1ba2ddcd88ec3c97fc6cde2fe03141c84d47d2d35c8c05fdc58a57d4e1477fd082fa4038acacd3e</sts:SoftwareSecurityCode>
        </sts:DianExtensions>
      </ext:ExtensionContent>
    </ext:UBLExtension>
  </ext:UBLExtensions>
  <cbc:UBLVersionID>UBL 2.0</cbc:UBLVersionID>
  <cbc:CustomizationID/>
  <cbc:ProfileID>DIAN 1.0</cbc:ProfileID>
  <cbc:ID>DEV03947</cbc:ID><!-- aqui --><cbc:UUID></cbc:UUID>
  <cbc:IssueDate>2017-03-15</cbc:IssueDate>
  <cbc:IssueTime>00:00:00</cbc:IssueTime>
  <cbc:Note>Devolución</cbc:Note>
  <cbc:DocumentCurrencyCode>COP</cbc:DocumentCurrencyCode>
  <cac:DiscrepancyResponse>
    <cbc:ReferenceID/>
    <cbc:ResponseCode listName="concepto de notas crédito" listSchemeURI="http://www.dian.gov.co/micrositios/fac_electronica/documentos/Anexo_Tecnico_001_Formatos_de_los_Documentos_XML_de_Facturacion_Electron.pdf" name="2:= anulación de la factura electrónica">2</cbc:ResponseCode>
  </cac:DiscrepancyResponse>
  <cac:BillingReference>
    <cac:InvoiceDocumentReference>
      <cbc:ID schemeName="número de la factura a anular">MD101091</cbc:ID>
      <cbc:UUID schemeName="CUFE de la factura de venta || factura de exportación">7343fc1b221b12bf05d8c54073fa2e93a63711aa</cbc:UUID>
      <cbc:IssueDate>2017-03-15</cbc:IssueDate>
    </cac:InvoiceDocumentReference>
  </cac:BillingReference>
  <fe:AccountingSupplierParty>
    <cbc:AdditionalAccountID>1</cbc:AdditionalAccountID>
    <fe:Party>
      <cac:PartyIdentification>
        <cbc:ID schemeAgencyID="195" schemeAgencyName="CO, DIAN (Direccion de Impuestos y Aduanas Nacionales)" schemeID="31">890930534</cbc:ID>
      </cac:PartyIdentification>
      <cac:PartyName>
        <cbc:Name>CADENA S.A</cbc:Name>
      </cac:PartyName>
      <fe:PhysicalLocation>
        <fe:Address>
          <cbc:Department>ANTIOQUIA</cbc:Department>
          <cbc:CitySubdivisionName>MEDELLIN</cbc:CitySubdivisionName>
          <cbc:CityName>MEDELLIN</cbc:CityName>
          <cac:AddressLine>
            <cbc:Line>CR 50 97A SUR 150</cbc:Line>
          </cac:AddressLine>
          <cac:Country>
            <cbc:IdentificationCode>CO</cbc:IdentificationCode>
          </cac:Country>
        </fe:Address>
      </fe:PhysicalLocation>
      <fe:PartyTaxScheme>
        <cbc:TaxLevelCode>2</cbc:TaxLevelCode>
        <cac:TaxScheme/>
      </fe:PartyTaxScheme>
      <fe:PartyLegalEntity>
        <cbc:RegistrationName>CADENA S.A</cbc:RegistrationName>
      </fe:PartyLegalEntity>
    </fe:Party>
  </fe:AccountingSupplierParty>
  <fe:AccountingCustomerParty>
    <cbc:AdditionalAccountID>1</cbc:AdditionalAccountID>
    <fe:Party>
      <cac:PartyIdentification>
        <cbc:ID schemeAgencyID="195" schemeAgencyName="CO, DIAN (Direccion de Impuestos y Aduanas Nacionales)" schemeID="31">830122566</cbc:ID>
      </cac:PartyIdentification>
      <fe:PhysicalLocation>
        <fe:Address>
          <cbc:Department>11</cbc:Department>
          <cbc:CitySubdivisionName>BOGOTÁ</cbc:CitySubdivisionName>
          <cbc:CityName>BOGOTÁ</cbc:CityName>
          <cac:AddressLine>
            <cbc:Line>Tr 60 # 114A-55</cbc:Line>
          </cac:AddressLine>
          <cac:Country>
            <cbc:IdentificationCode>CO</cbc:IdentificationCode>
          </cac:Country>
        </fe:Address>
      </fe:PhysicalLocation>
      <fe:PartyTaxScheme>
        <cbc:TaxLevelCode>0</cbc:TaxLevelCode>
        <cac:TaxScheme/>
      </fe:PartyTaxScheme>
      <fe:Person>
        <cbc:FirstName/>
        <cbc:FamilyName/>
        <cbc:MiddleName/>
      </fe:Person>
    </fe:Party>
  </fe:AccountingCustomerParty>
  <fe:LegalMonetaryTotal>
    <cbc:LineExtensionAmount currencyID="COP">97900.00</cbc:LineExtensionAmount>
    <cbc:TaxExclusiveAmount currencyID="COP">97900.00</cbc:TaxExclusiveAmount>
    <cbc:PayableAmount currencyID="COP">116501.00</cbc:PayableAmount>
  </fe:LegalMonetaryTotal>
  <cac:CreditNoteLine>
    <cbc:ID>1</cbc:ID><!-- aqui --><cbc:UUID></cbc:UUID>
    <cbc:Note>Contrato Único de Servicios móviles Pos pago-CRC</cbc:Note>
    <cbc:CreditedQuantity>200.00</cbc:CreditedQuantity>
    <cbc:LineExtensionAmount currencyID="COP">30000.00</cbc:LineExtensionAmount>
    <cbc:AccountingCostCode>default</cbc:AccountingCostCode>
    <cac:Item>
      <cbc:Description>Contrato Único de Servicios móviles Pos pago-CRC</cbc:Description>
    </cac:Item>
    <cac:Price>
      <cbc:PriceAmount currencyID="COP">150.00</cbc:PriceAmount>
    </cac:Price>
  </cac:CreditNoteLine>
  <cac:CreditNoteLine>
    <cbc:ID>2</cbc:ID><!-- aqui --><cbc:UUID></cbc:UUID>
    <cbc:Note>Contrato Venta a cuotas</cbc:Note>
    <cbc:CreditedQuantity>300.00</cbc:CreditedQuantity>
    <cbc:LineExtensionAmount currencyID="COP">23100.00</cbc:LineExtensionAmount>
    <cbc:AccountingCostCode>default</cbc:AccountingCostCode>
    <cac:Item>
      <cbc:Description>Contrato Venta a cuotas</cbc:Description>
    </cac:Item>
    <cac:Price>
      <cbc:PriceAmount currencyID="COP">77.00</cbc:PriceAmount>
    </cac:Price>
  </cac:CreditNoteLine>
  <cac:CreditNoteLine>
    <cbc:ID>3</cbc:ID><!-- aqui --><cbc:UUID></cbc:UUID>
    <cbc:Note>Solicitud Servicio Móviles Unificada V2</cbc:Note>
    <cbc:CreditedQuantity>200.00</cbc:CreditedQuantity>
    <cbc:LineExtensionAmount currencyID="COP">44800.00</cbc:LineExtensionAmount>
    <cbc:AccountingCostCode>default</cbc:AccountingCostCode>
    <cac:Item>
      <cbc:Description>Solicitud Servicio Móviles Unificada V2</cbc:Description>
    </cac:Item>
    <cac:Price>
      <cbc:PriceAmount currencyID="COP">224.00</cbc:PriceAmount>
    </cac:Price>
  </cac:CreditNoteLine>
</fe:CreditNote>