<?xml version="1.0" encoding="UTF-8" standalone="no"?>
<fe:Invoice xmlns:fe="http://www.dian.gov.co/contratos/facturaelectronica/v1" xmlns:cac="urn:oasis:names:specification:ubl:schema:xsd:CommonAggregateComponents-2" xmlns:cbc="urn:oasis:names:specification:ubl:schema:xsd:CommonBasicComponents-2" xmlns:clm54217="urn:un:unece:uncefact:codelist:specification:54217:2001" xmlns:clm66411="urn:un:unece:uncefact:codelist:specification:66411:2001" xmlns:clmIANAMIMEMediaType="urn:un:unece:uncefact:codelist:specification:IANAMIMEMediaType:2003" xmlns:ext="urn:oasis:names:specification:ubl:schema:xsd:CommonExtensionComponents-2" xmlns:qdt="urn:oasis:names:specification:ubl:schema:xsd:QualifiedDatatypes-2" xmlns:sts="http://www.dian.gov.co/contratos/facturaelectronica/v1/Structures" xmlns:udt="urn:un:unece:uncefact:data:specification:UnqualifiedDataTypesSchemaModule:2" xmlns:xsi="http://www.w3.org/2001/XMLSchema-instance" xsi:schemaLocation="http://www.dian.gov.co/contratos/facturaelectronica/v1 http://factura.today/XSD/r1/DIAN_UBL.xsd"><!-- http://www.dian.gov.co/contratos/facturaelectronica/v1 http://000-24204z9.dian.loc:18016/XSD/r1_000-24204z9.dian.loc/DIAN_UBL.xsd --><!-- http://www.dian.gov.co/micrositios/fac_electronica/documentos/XSD/r1/DIAN_UBL.xsd -->
	<ext:UBLExtensions>
		<ext:UBLExtension>
			<ext:ExtensionContent>
				<sts:DianExtensions/>
			</ext:ExtensionContent>
		</ext:UBLExtension>
		<ext:UBLExtension>
			<ext:ExtensionContent>
				<cac:Signature/>
			</ext:ExtensionContent>
		</ext:UBLExtension>
		<ext:UBLExtension>
			<ext:ExtensionContent>
				<ds:Signature xmlns:ds="http://www.w3.org/2000/09/xmldsig#" Id="xmldsig-"/>
			</ext:ExtensionContent>
		</ext:UBLExtension>
	</ext:UBLExtensions>
	<cbc:UBLVersionID>UBL 2.0</cbc:UBLVersionID>
	<cbc:CustomizationID schemeDataURI="micrositios/fac_electronica/documentos/" schemeID="XSD/r1/DIAN_UBL.xsd" schemeName="xsd aplicado a este documento-e. - xsi:schemaLocation. - cambios en la cardinalidad de algunos elementos. - elemento obligatorio desde Anexo-1 V2.0 (R1)" schemeURI="http://www.dian.gov.co/" schemeVersionID="r1"/>
	<cbc:ProfileID schemeID="A1" schemeName="A1: factura de venta de contado: pago en efectivo. - ">DIAN 1.0
<!--4461 /fe:Invoice/cac:PaymentMeans/cbc:PaymentMeansCode:=24, Factura electrónica esperando que el adquirente la ACEPTE.-->
<!--4435 /fe:Invoice/cac:PaymentMeans/cbc:PaymentChannelCode:=6, otras redes de transmisión.-->
<!--4279 /fe:Invoice/cac:PaymentTerms/cbc:ReferenceEventCode:=78  Factoring.-->
    </cbc:ProfileID>
	<cbc:ID/>
	<cbc:UUID schemeAgencyID="195" schemeAgencyName="CO, DIAN (Direccion de Impuestos y Aduanas Nacionales)" schemeDataURI="Anexo-3" schemeID="CUFE_SHA1">vea en ejemplificaciones: f-v_cufeSHA1_f-s.*</cbc:UUID>
	<cbc:IssueDate>2017-05-08</cbc:IssueDate>
	<cbc:IssueTime>00:05:45</cbc:IssueTime>
	<cbc:InvoiceTypeCode listAgencyID="195" listAgencyName="CO, DIAN (Direccion de Impuestos y Aduanas Nacionales)" listSchemeURI="http://www.dian.gov.co/" listName="Anexo-1; Tipos de factura" name="1: factura de venta">1
<!-- solo este tipo de factura de venta está contemplada en el REFEL -->
	</cbc:InvoiceTypeCode>
	<cbc:Note/>
	<cbc:Note/>
	<cbc:DocumentCurrencyCode/>
	<cbc:LineCountNumeric>2<!--cantidad de items B/S en esta factura-->
	</cbc:LineCountNumeric>
	<fe:AccountingSupplierParty>
		<cbc:AdditionalAccountID>1</cbc:AdditionalAccountID>
		<fe:Party>
			<cac:PartyIdentification>
				<cbc:ID schemeAgencyID="195" schemeAgencyName="CO, DIAN (Direccion de Impuestos y Aduanas Nacionales)" schemeID="31">700085464<!--número del NIT sin DV-->
				</cbc:ID>
			</cac:PartyIdentification>
			<cac:PartyName>
				<cbc:Name>
					<!--nombre del establecimiento comercial que realiza la venta según el registro de la Cámara de Comercio-->
				</cbc:Name>
			</cac:PartyName>
			<fe:PhysicalLocation>
				<!--dirección o localización del establecimiento comercial que realizó la venta, registrado en la Cámara de Comercio-->
				<cbc:ID schemeAgencyName="Cámara de comercio" schemeName="Matrícula mercantil">
					<!--número-->
				</cbc:ID>
				<fe:Address>
					<cbc:Department/>
					<cbc:CitySubdivisionName/>
					<cbc:CityName/>
					<cac:AddressLine>
						<cbc:Line/>
					</cac:AddressLine>
					<cac:AddressLine>
						<cbc:Line/>
					</cac:AddressLine>
					<cac:Country>
						<cbc:IdentificationCode/>
						<cbc:Name/>
					</cac:Country>
				</fe:Address>
			</fe:PhysicalLocation>
			<fe:PartyTaxScheme>
				<cbc:RegistrationName>
					<!--nombre del Facturador Electrónico según el RUT-->
				</cbc:RegistrationName>
				<cbc:CompanyID schemeDataURI="URL: http://www.dian.gov.co" schemeName="NIT-DV">700085464-9<!--número del NIT con DV-->
				</cbc:CompanyID>
				<cbc:TaxLevelCode listName="Anexo-1: Tipo de Régimen">1</cbc:TaxLevelCode>
				<cac:RegistrationAddress>
					<!--dirección o localización del negocio o firma propietario del establecimiento comercial que realizó la venta, registrado en la DIAN-->
					<cbc:CityName/>
					<cbc:PostalZone/>
					<cbc:CountrySubentity/>
					<cac:AddressLine>
						<cbc:Line/>
					</cac:AddressLine>
					<cac:AddressLine>
						<cbc:Line/>
					</cac:AddressLine>
					<cac:Country/>
				</cac:RegistrationAddress>
				<cac:TaxScheme>
					<cbc:Name>IVA Régimen Común
						<!--descripción del elemento /fe:Invoice/fe:AccountingSupplierParty/fe:Party/fe:PartyTaxScheme[1]/cbc:TaxLevelCode -->
					</cbc:Name>
				</cac:TaxScheme>
			</fe:PartyTaxScheme>
			<fe:PartyTaxScheme>
				<cbc:TaxLevelCode listName="Anexo-1: Tipos Representacion:2016">0</cbc:TaxLevelCode>
				<cac:TaxScheme>
					<cbc:Name>
						<!--descripción del elemento /fe:Invoice/fe:AccountingSupplierParty/fe:Party/fe:PartyTaxScheme[2]/cbc:TaxLevelCode-->
					</cbc:Name>
				</cac:TaxScheme>
			</fe:PartyTaxScheme>
			<fe:PartyLegalEntity>
				<cbc:RegistrationName>
					<!--nombre del Facturador Electrónico según el RUT-->
				</cbc:RegistrationName>
				<cbc:CompanyID schemeDataURI="URL: http://www.dian.gov.co" schemeName="NIT-DV">700085464-9<!--número del NIT con DV-->
				</cbc:CompanyID>
				<cac:RegistrationAddress>
					<!--dirección o localización del negocio o firma propietario del establecimiento comercial que realizó la venta, registrado en la DIAN-->
					<cbc:CityName/>
					<cbc:PostalZone/>
					<cbc:CountrySubentity/>
					<cac:AddressLine>
						<cbc:Line/>
					</cac:AddressLine>
					<cac:AddressLine>
						<cbc:Line/>
					</cac:AddressLine>
					<cac:Country/>
				</cac:RegistrationAddress>
			</fe:PartyLegalEntity>
		</fe:Party>
	</fe:AccountingSupplierParty>
	<fe:AccountingCustomerParty>
		<cbc:AdditionalAccountID>2<!--Anexo-1: Tipos de Organización Jurídica; Tipos de Adquiriente-->
		</cbc:AdditionalAccountID>
		<fe:Party>
			<cac:PartyIdentification>
				<cbc:ID schemeAgencyID="195" schemeAgencyName="CO, DIAN (Direccion de Impuestos y Aduanas Nacionales)" schemeID="R-00-PN" schemeName="fe:Person[1]" schemeDataURI="Anexo-1; Anexo-3">11222333-ABC<!--R-00-PN: adquiriente No obligado a registrarse en el RUT PN; valor de atributo, necesario para realizar el cálculo del CUFE, ante la imposibilidad por parte del vendedor de precisar un código de la tabla Anexo-1: TIPOS DE DOCUMENTOS DE IDENTIDAD para el adquiriente; solo aplica en ocasión de que /fe:Invoice/fe:AccountingCustomerParty/cbc:AdditionalAccountID=&quot;2&quot;-->
					<!-- /fe:Invoice/fe:AccountingCustomerParty/fe:Party/fe:Person[1] -->
				</cbc:ID>
			</cac:PartyIdentification>
			<cac:PartyIdentification>
				<cbc:ID schemeName="fe:Person[2]">
					<!-- /fe:Invoice/fe:AccountingCustomerParty/fe:Party/fe:Person[2] -->
				</cbc:ID>
			</cac:PartyIdentification>
			<fe:PhysicalLocation>
				<fe:Address>
					<cbc:Department/>
					<cbc:CitySubdivisionName/>
					<cbc:CityName/>
					<cac:AddressLine>
						<cbc:Line/>
					</cac:AddressLine>
					<cac:Country>
						<cbc:IdentificationCode/>
						<cbc:Name/>
					</cac:Country>
				</fe:Address>
			</fe:PhysicalLocation>
			<fe:PartyTaxScheme>
				<cbc:TaxLevelCode listName="Anexo-1: Tipos Representacion:2016">R-00-PN</cbc:TaxLevelCode>
				<cac:TaxScheme/>
			</fe:PartyTaxScheme>
			<fe:Person>
				<cbc:FirstName/>
				<cbc:FamilyName/>
				<cbc:MiddleName/>
				<cbc:OrganizationDepartment/>
			</fe:Person>
			<fe:Person>
				<cbc:FirstName/>
				<cbc:FamilyName/>
				<cbc:MiddleName/>
				<cbc:OrganizationDepartment/>
			</fe:Person>
		</fe:Party>
	</fe:AccountingCustomerParty>
	<cac:PaymentMeans>
		<cbc:ID>1002</cbc:ID>
		<cbc:PaymentMeansCode listURI="http://000-24204z9.dian.loc:18016/e.g/tred4461paymentMean_fac-e.co.htm" name="10 Efectivo" listName="4461 medios de pago">10
<!--medio de pago-->
		</cbc:PaymentMeansCode>
		<cbc:PaymentDueDate>1957-11-13<!--fecha de vencimiento del pago-->
		</cbc:PaymentDueDate>
		<cbc:PaymentChannelCode listURI="http://000-24204z9.dian.loc:18016/e.g/tred4435paymentChannel_fac-e.co.htm" name="9: Personal (face-to-face)" listName="4435 canales de pago">9
<!--canal de pago-->
		</cbc:PaymentChannelCode>
		<cbc:InstructionID schemeName="identificador de las instrucciones" schemeDataURI="http://www.empresa.com/listaInstruccionesCodificadas.html">ABC000X</cbc:InstructionID>
		<cbc:InstructionNote>Cuota-3: Entregará el dinero de la tercera cuota "en persona", en la sede del vendedor.</cbc:InstructionNote>
		<cbc:InstructionNote/>
		<cbc:PaymentID>
			<!--identificador del pago -->
		</cbc:PaymentID>
		<cac:CardAccount>
			<cbc:PrimaryAccountNumberID>*6789<!--últimos dígitos del medio de pago; longitud 14 | 16-->
			</cbc:PrimaryAccountNumberID>
			<cbc:NetworkID>VISA<!--nombre de la franquicia: VISA, MASTERCARD, DINERS-DISCOVERY, PayPal-->
			</cbc:NetworkID>
			<cbc:CardTypeCode>
				<!--tipo de tarjeta. CRÉDITO, DÉBITO y PREVEDURÍA-->
			</cbc:CardTypeCode>
			<cbc:ValidityStartDate>2018-01-01</cbc:ValidityStartDate>
			<cbc:ExpiryDate>2018-01-01</cbc:ExpiryDate>
			<cbc:IssuerID schemeName="nombre del banco emisor">
				<!--nombre del emisor de la tarjecta de crédito-->
			</cbc:IssuerID>
			<cbc:IssueNumberID schemeName="número del emisor">
				<!--número del emisor de la tarjeta de crédito-->
			</cbc:IssueNumberID>
			<cbc:CV2ID schemeName="código de verificación">
				<!--código de verificación-->
			</cbc:CV2ID>
			<cbc:CardChipCode listName="Chip">
				<!--código del Chip de la tarjeta-->
			</cbc:CardChipCode>
			<cbc:ChipApplicationID schemeName="identificador">
				<!--identificador del ChiP en la aplicación informática del expedidor-->
			</cbc:ChipApplicationID>
			<cbc:HolderName>
				<!--nombre del suscriptor de la tarjeta-->
			</cbc:HolderName>
		</cac:CardAccount>
		<cac:PayerFinancialAccount>
			<cbc:ID schemeName="identificador del pagador" schemeID="código de la lista de documentos">
				<!--identificación del pagador; código de la lista de documentos de la DIAN-->
			</cbc:ID>
			<cbc:Name languageID="es-CO">
				<!--nombre del pagador de la factura, nacional o extranjero-->
			</cbc:Name>
			<cbc:AccountTypeCode name="tipo de cuenta">
				<!--tipo de cuenta con la cual hará el pago-->
			</cbc:AccountTypeCode>
			<cbc:CurrencyCode listName="lista de monedas" name="nuevos pesos colombianos">CON</cbc:CurrencyCode>
			<cbc:PaymentNote>
				<!--anotación sobre el pago-->
			</cbc:PaymentNote>
			<cac:FinancialInstitutionBranch>
				<cbc:ID schemeName="identificador de la institución financiera">
					<!--identificador de la institución financiera-->
				</cbc:ID>
				<cbc:Name>
					<!--nombre del área de la institución que atiende este negocio-->
				</cbc:Name>
				<cac:FinancialInstitution>
					<!--nombre de la institución-->
				</cac:FinancialInstitution>
				<cac:Address>
					<cbc:CityName>
						<!--nombre de la ciudad-->
					</cbc:CityName>
					<cac:AddressLine>
						<cbc:Line>
							<!--dirección línea-1-->
						</cbc:Line>
					</cac:AddressLine>
					<cac:AddressLine>
						<cbc:Line>
							<!--dirección línea-2-->
						</cbc:Line>
					</cac:AddressLine>
					<cac:Country>
						<cbc:IdentificationCode/>
						<!--código del país-->
						<cbc:Name>
							<!--nombre del país-->
						</cbc:Name>
					</cac:Country>
				</cac:Address>
			</cac:FinancialInstitutionBranch>
			<cac:Country>
				<cbc:IdentificationCode/>
				<!--código del país-->
				<cbc:Name>
					<!--nombre del país-->
				</cbc:Name>
			</cac:Country>
		</cac:PayerFinancialAccount>
		<cac:PayeeFinancialAccount>
			<cbc:ID schemeName="identificador del beneficiario del pago" schemeID="código de la lista de documentos">
				<!--identificación del beneficiario; código de la lista de documentos de la DIAN-->
			</cbc:ID>
			<cbc:Name languageID="es-CO">
				<!--nombre del beneficiario del pago de la factura, nacional o extranjero-->
			</cbc:Name>
			<cbc:AccountTypeCode name="tipo de cuenta">
				<!--tipo de cuenta que recibirá el pago-->
			</cbc:AccountTypeCode>
			<cbc:CurrencyCode listName="lista de monedas" name="nuevos pesos colombianos">CON</cbc:CurrencyCode>
			<cbc:PaymentNote>
				<!--anotación sobre el pago-->
			</cbc:PaymentNote>
			<cac:FinancialInstitutionBranch>
				<cbc:ID schemeName="identificador de la institución financiera">
					<!--identificador de la institución financiera-->
				</cbc:ID>
				<cbc:Name>
					<!--nombre del área de la institución que atiende este negocio-->
				</cbc:Name>
				<cac:FinancialInstitution>
					<!--nombre de la institución-->
				</cac:FinancialInstitution>
				<cac:Address>
					<cbc:CityName>
						<!--nombre de la ciudad-->
					</cbc:CityName>
					<cac:AddressLine>
						<cbc:Line>
							<!--dirección línea-1-->
						</cbc:Line>
					</cac:AddressLine>
					<cac:AddressLine>
						<cbc:Line>
							<!--dirección línea-2-->
						</cbc:Line>
					</cac:AddressLine>
					<cac:Country>
						<cbc:IdentificationCode/>
						<!--código del país-->
						<cbc:Name>
							<!--nombre del país-->
						</cbc:Name>
					</cac:Country>
				</cac:Address>
			</cac:FinancialInstitutionBranch>
			<cac:Country>
				<cbc:IdentificationCode/>
				<!--código del país-->
				<cbc:Name>
					<!--nombre del país-->
				</cbc:Name>
			</cac:Country>
		</cac:PayeeFinancialAccount>
		<cac:CreditAccount>
			<cbc:AccountID>
				<!--identificador del crédito asignado al /fe:Invoice/fe:AccountingCustomerParty/fe:Party/cac:PartyIdentification[1]/cbc:ID; necesario para identificar venta a crédito que se registrará en el REFEL-->
			</cbc:AccountID>
		</cac:CreditAccount>
	</cac:PaymentMeans>
	<cac:PaymentTerms>
		<cbc:ID schemeName="identificador de este fragmento; endPoint">PRUE9800067XX</cbc:ID>
		<cbc:PaymentMeansID schemeName="identificador / apuntador al 'medio de pago' relacionado. - Vea: /fe:Invoice/cac:PaymentMeans/cbc:ID">1002</cbc:PaymentMeansID>
		<cbc:PrepaidPaymentReferenceID schemeName="identificador / apuntador al 'ingreso / abono entregado por el cliente' que se relaciona a la orden de trabajo / orden de compra / comanda que dió origen a esta factura. - Vea: /fe:Invoice/fe:PrepaidPayment/cbc:ID">2018</cbc:PrepaidPaymentReferenceID>
		<cbc:Note>Pago en tres cuotas de acuerdo con lo establecido en  /fe:Invoice/cac:PaymentMeans[X]</cbc:Note>
		<cbc:ReferenceEventCode listURI="http://000-24204z9.dian.loc:18016/e.g/tred4279paymentTerms_fac-e.co.htm" name="14: pago contra entrega" listName="4279 términos de pago">14
<!--términos de pago-->
		</cbc:ReferenceEventCode>
		<cbc:SettlementDiscountPercent>0.00<!--porcentaje de descuento por liquidación-->
		</cbc:SettlementDiscountPercent>
		<cbc:PenaltySurchargePercent>0.00<!--porcentaje de recargo por penalidad / mora / incumplimiento de requisito, etc.-->
		</cbc:PenaltySurchargePercent>
		<cbc:Amount currencyID="COP">0.00<!--valor del descuento por liquidación; valor del recargo por penalidad-->
		</cbc:Amount>
		<cac:SettlementPeriod>
			<cbc:StartDate>1957-08-13<!--comienza el descuento-->
			</cbc:StartDate>
			<cbc:EndDate>1957-08-13<!--termina el descuento-->
			</cbc:EndDate>
			<cbc:DurationMeasure unitCode="MON">0<!--meses; use: CodeList_UnitCode_UNECE_7_04.xsd; descuento aplicable desde fecha señalada en /fe:Invoice/cbc:IssueDate-->
			</cbc:DurationMeasure>
			<cbc:Description>descuento por pronto pago aplicable antes de fecha señalada en /fe:Invoice/cac:PaymentMeans/cbc:PaymentDueDate. - El cajero generará una Nota Crédtio a esta factura.</cbc:Description>
		</cac:SettlementPeriod>
		<cac:PenaltyPeriod>
			<cbc:StartDate>1957-08-13<!--comienza el recargo-->
			</cbc:StartDate>
			<cbc:EndDate>1957-08-13<!--no se usa; no es usual, pero si se incluye, debe estar diligenciada una fecha-->
			</cbc:EndDate>
			<cbc:DurationMeasure unitCode="MON">0<!--no se usa, pero si se incluye, debe incluir 'unitCode' y un valor numérico-->
			</cbc:DurationMeasure>
			<cbc:Description>recargo o penalidad aplicable después de fecha señalada en /fe:Invoice/cac:PaymentMeans/cbc:PaymentDueDate. - El cajero generará una Nota Débito, y un Recibo de Caja a esta factura.</cbc:Description>
		</cac:PenaltyPeriod>
	</cac:PaymentTerms>
	<fe:PrepaidPayment>
		<cbc:ID schemeName="identificador / apuntador al 'ingreso / abono entregado por el cliente' que se relaciona a la orden de trabajo / orden de compra / comanda que dió origen a esta factura; endPoint">2018</cbc:ID>
		<cbc:PaidAmount currencyID="COP">0.00<!--cantidad abonada; irá al Cr en /fe:Invoice/fe:LegalMonetaryTotal/cbc:PrepaidAmount -->
		</cbc:PaidAmount>
		<cbc:PaidDate>1957-08-13<!--fecha de pago-->
		</cbc:PaidDate>
		<cbc:InstructionID/>
	</fe:PrepaidPayment>
	<fe:TaxTotal>
		<cbc:TaxAmount currencyID="COP">102600.00</cbc:TaxAmount>
		<cbc:TaxEvidenceIndicator>false</cbc:TaxEvidenceIndicator>
		<fe:TaxSubtotal>
			<cbc:TaxableAmount currencyID="COP">540000.00
			</cbc:TaxableAmount>
			<cbc:TaxAmount currencyID="COP">102600.00
			</cbc:TaxAmount>
			<cbc:Percent>19.00<!--acumula los datos de /fe:Invoice/fe:InvoiceLine[1]/cac:TaxTotal[1]/cac:TaxSubtotal/cbc:Percent y /fe:Invoice/fe:InvoiceLine[2]/cac:TaxTotal[1]/cac:TaxSubtotal/cbc:Percent-->
			</cbc:Percent>
			<cac:TaxCategory>
				<cac:TaxScheme>
					<cbc:ID>01</cbc:ID>
				</cac:TaxScheme>
			</cac:TaxCategory>
		</fe:TaxSubtotal>
	</fe:TaxTotal>
	<fe:TaxTotal>
		<cbc:TaxAmount currencyID="COP">0.00</cbc:TaxAmount>
		<cbc:TaxEvidenceIndicator>false</cbc:TaxEvidenceIndicator>
		<fe:TaxSubtotal>
			<cbc:TaxableAmount currencyID="COP">0.00</cbc:TaxableAmount>
			<cbc:TaxAmount currencyID="COP">0.00</cbc:TaxAmount>
			<cbc:Percent>8.00<!--acumula los datos de /fe:Invoice/fe:InvoiceLine[1]/cac:TaxTotal[2]/cac:TaxSubtotal/cbc:Percent y /fe:Invoice/fe:InvoiceLine[2]/cac:TaxTotal[2]/cac:TaxSubtotal/cbc:Percent-->
			</cbc:Percent>
			<cac:TaxCategory>
				<cac:TaxScheme/>
			</cac:TaxCategory>
		</fe:TaxSubtotal>
	</fe:TaxTotal>
	<fe:LegalMonetaryTotal>
		<cbc:LineExtensionAmount currencyID="COP">1444608.00 <!--621. Monetary Total. - Base Imponible. - Total de los importes netos de línea sin impuestos ni descuentos, pero incluyendo redondeo.-->
		</cbc:LineExtensionAmount>
		<cbc:TaxExclusiveAmount currencyID="COP">291136.48 <!--622. Monetary Total. - Total de impuestos. - Importe total de impuestos.-->
		</cbc:TaxExclusiveAmount>
		<!--291136,48-->
		<cbc:TaxInclusiveAmount currencyID="COP">1735744.48 <!--623. Monetary Total. - Importe total impuestos incluídos. - Importe total incluyendo impuestos.-->
		</cbc:TaxInclusiveAmount>
		<cbc:AllowanceTotalAmount currencyID="COP">0.00 <!--624. Monetary Total. -  Total descuentos. - Importe total de todos los descuentos.-->
		</cbc:AllowanceTotalAmount>
		<cbc:ChargeTotalAmount currencyID="COP">295000.00 <!--625. Monetary Total. - Total cargos. - Importe total de todos los cargos.-->
		</cbc:ChargeTotalAmount>
		<cbc:PrepaidAmount currencyID="COP">0.00 <!--626. Monetary Total. - Anticipos. - Importe prepagado total.-->
		</cbc:PrepaidAmount>
		<cbc:PayableRoundingAmount currencyID="COP">0.00 <!--627. Monetary Total. - Redondeo. - Importe de redondeo (positivo o negativo) añadido a la Base Imponible calculada para producir una Base Imponible Redondeada.-->
		</cbc:PayableRoundingAmount>
		<cbc:PayableAmount currencyID="COP">2030744.48 <!--628. Monetary Total. - Total a Pagar. - Importe total a pagar.-->
		</cbc:PayableAmount>
	</fe:LegalMonetaryTotal>
	<fe:InvoiceLine>
		<!--1d2-->
		<cbc:ID>O-2017-4<!--identificador de la obra, definido y asignado por el Facturador Electrónico-->
		</cbc:ID>
		<cbc:Note/>
		<cbc:InvoicedQuantity>1</cbc:InvoicedQuantity>
		<cbc:LineExtensionAmount currencyID="COP">3000000.00<!--(valor neto de la obra; /fe:Invoice/fe:InvoiceLine[1]/fe:Price/cbc:PriceAmount) .multiplicadoPor. (/fe:Invoice/fe:InvoiceLine[1]/cbc:InvoicedQuantity)-->
		</cbc:LineExtensionAmount>
		<cac:TaxTotal>
			<cbc:TaxAmount currencyID="COP">0.00<!--constante-->
			</cbc:TaxAmount>
			<cac:TaxSubtotal>
				<cbc:TaxAmount currencyID="COP">0.00<!--constante-->
				</cbc:TaxAmount>
				<cbc:Percent>19.00</cbc:Percent>
				<cac:TaxCategory>
					<cbc:TaxExemptionReason/>
					<cac:TaxScheme/>
				</cac:TaxCategory>
			</cac:TaxSubtotal>
		</cac:TaxTotal>
		<cac:TaxTotal>
			<cbc:TaxAmount currencyID="COP">0.00<!--constante-->
			</cbc:TaxAmount>
			<cac:TaxSubtotal>
				<cbc:TaxAmount currencyID="COP">0.00<!--constante-->
				</cbc:TaxAmount>
				<cbc:Percent>8.00</cbc:Percent>
				<cac:TaxCategory>
					<cbc:TaxExemptionReason/>
					<cac:TaxScheme/>
				</cac:TaxCategory>
			</cac:TaxSubtotal>
		</cac:TaxTotal>
		<fe:Item>
			<cbc:Description>Obra civil</cbc:Description>
		</fe:Item>
		<fe:Price>
			<cbc:PriceAmount currencyID="COP">3000000.00</cbc:PriceAmount>
		</fe:Price>
	</fe:InvoiceLine>
	<fe:InvoiceLine>
		<!--2d2-->
		<cbc:ID>O-2017-4<!--identificador de la obra, definido y asignado por el Facturador Electrónico-->
		</cbc:ID>
		<cbc:Note/>
		<cbc:InvoicedQuantity>1</cbc:InvoicedQuantity>
		<cbc:LineExtensionAmount currencyID="COP">3000000.00<!--(valor neto de la obra; /fe:Invoice/fe:InvoiceLine[1]/fe:Price/cbc:PriceAmount) .multiplicadoPor. (/fe:Invoice/fe:InvoiceLine[1]/cbc:InvoicedQuantity)-->
		</cbc:LineExtensionAmount>
		<cac:TaxTotal>
			<cbc:TaxAmount currencyID="COP">0.00<!--constante-->
			</cbc:TaxAmount>
			<cac:TaxSubtotal>
				<cbc:TaxAmount currencyID="COP">0.00<!--constante-->
				</cbc:TaxAmount>
				<cbc:Percent>19.00</cbc:Percent>
				<cac:TaxCategory>
					<cbc:TaxExemptionReason/>
					<cac:TaxScheme/>
				</cac:TaxCategory>
			</cac:TaxSubtotal>
		</cac:TaxTotal>
		<cac:TaxTotal>
			<cbc:TaxAmount currencyID="COP">0.00<!--constante-->
			</cbc:TaxAmount>
			<cac:TaxSubtotal>
				<cbc:TaxAmount currencyID="COP">0.00<!--constante-->
				</cbc:TaxAmount>
				<cbc:Percent>8.00</cbc:Percent>
				<cac:TaxCategory>
					<cbc:TaxExemptionReason/>
					<cac:TaxScheme/>
				</cac:TaxCategory>
			</cac:TaxSubtotal>
		</cac:TaxTotal>
		<fe:Item>
			<cbc:Description>Obra civil</cbc:Description>
		</fe:Item>
		<fe:Price>
			<cbc:PriceAmount currencyID="COP">3000000.00</cbc:PriceAmount>
		</fe:Price>
	</fe:InvoiceLine>
</fe:Invoice>
